countrycode,party_id,name_short,name,name_english,year_first,year_last,share_year,share,regonly
BEL,2101,N-VA,Nieuw-Vlaams Alliantie,New Flemish Alliance,2010,2014,2014,20.26,0
BEL,2102,VB,Vlaams Belang,Flemish Interest,2010,2014,2010,7.76,0
BEL,2103,CD&V,Christen-Democratisch en Vlaams,"Christian, Democratic and Flemish Party",2010,2014,2014,11.61,0
BEL,2104,VLD,Open Vlaamse Liberalen en Democraten,Open Flemish Liberals and Democrats,2010,2014,2014,9.78,0
BEL,2105,PS,Parti Socialiste,Socialist Party,2010,2014,2010,13.7,0
BEL,2106,MR,Mouvement R√©formateur,Reformist Movement,2010,2014,2014,9.64,0
BEL,2107,SP.A,Socialistische Partij Anders,Socialist Party Different,2010,2014,2010,9.24,0
BEL,2108,UF,Union des Francophones,Union of Francophones,2010,2010,,,1
BEL,2109,ProDG,Pro Deutschsprachige Gemeinschaft,Pro German-speaking Community,2010,2014,,,1
BEL,2110,D√©FI,D√©mocrate F√©d√©raliste Ind√©pendant,Francophone Democratic Federalists,2014,2014,,,1
BEL,2111,Ecolo,√âcologistes Conf√©d√©r√©s pour l'organisation de luttes originales,Confederated ecologists for the organisation of original struggle,2014,2014,2014,3.3,0
BEL,2112,Groen,Groen,Green,2014,2014,2014,5.32,0
BEL,2113,PP,Parti populaire,Peoples Party,2014,2014,2014,1.52,0
BGR,8001,GERB,Grazhdani za Evropejsko Razvitie na Balgaria,Citizens for European Development of Bulgaria,2009,2014,2009,39.72,0
BGR,8002,BSP,Balgarska Socialisticheska Partiya,Bulgarian Socialist Party,2009,2014,2009,17.7,0
BGR,8003,SDS,Sayuz na Demokratichnite Sili,Union of Democratic Forces,2009,2009,2009,6.76,0
BGR,8004,DSB,Demokrati za Silna Bulgaria,Democrats for a Strong Bulgaria,2009,2009,2009,6.76,0
BGR,8005,Ataka,Partija Ataka,Party Attack,2009,2014,2009,9.36,0
BGR,8006,DPS,Dvi≈æenie za Prava i Svobodi,Movement for Rights and Freedoms,2009,2014,2014,14.8,0
BGR,8008,RB,Reformatorski Blok,Reformist Block,2014,2014,2014,8.9,0
BGR,8009,PF,Patriotichen front,Patriotic Front,2014,2014,2014,7.3,0
BGR,8010,BBT,BƒÉlgariya  bez tsenzura,Bulgaria without Censorship,2014,2014,2014,5.7,0
BIH,7901,SDP,Socijaldemokratska Partija Bosne i Hercegovine,Social Democratic Party of BiH,2010,2014,2010,26.07,0
BIH,7902,SDA,Stranka demokratske akcije,Party for Democratic Action,2010,2014,2014,27.87,0
BIH,7903,SBB,Savez za bolju buduƒánost,Union for a Better Future,2010,2014,2014,14.44,0
BIH,7904,SBiH,Stranka za Bosnu i Hercegovinu,Party for Bosnia and Herzegovina,2010,2014,2010,7.25,0
BIH,7905,DNZ BIH,Demokratska Narodna Zajednica,Democratic People's Union of BiH,2010,2014,2010,1.45,0
BIH,7906,A-SDA,Stranka demokratske aktivnosti,Party of Democratic Activity,2010,2014,2014,2.25,0
BIH,7907,HDZ BiH,Hrvatska demokratska zajednica BiH,Croatian Democratic Union of BiH,2010,2014,2014,12.15,0
BIH,7908,HDZ1990-,Hrvatska demokratska zajednica 1990,Croatian Democratic Union 1990,2010,2014,2010,4.86,0
BIH,7909,HSP- BiH,Hrvatska Stranka Prava,Croatian Party of Right,2010,2014,2010,4.86,0
BIH,7910,NSRZB,Narodna Stranka Radom za Boljitak,People's Party Work for Betterment,2010,2014,2010,4.81,0
BIH,7911,SNSD,Savez Nezavisnih Socijaldemokrata,Alliance of Independent Social Democrats,2010,2014,2010,43.3,0
BIH,7912,SDS,Srpska demokratska stranka,Serbian Democratic Party,2010,2014,2014,32.67,0
BIH,7913,PDP,Partija Demokratskog Progresa,Party of Democratic Progress,2010,2014,2010,6.45,0
BIH,7914,DNS,Demokratski narodni savez,Democratic People's Alliance,2010,2014,2014,5.72,0
BIH,7915,NDP,Narodni demokratski pokret,National Democratic Movement,2010,2014,2014,7.77,0
BIH,7916,SRS RS,Srpska radikalna stranka RS,Serb Radical Party of RS,2010,2014,2014,5.72,0
BIH,7917,BPS,Bosanskohercegovaƒçka patriotska stranka,Bosnian-Herzegovinian Patriotic Party,2014,2014,2014,3.65,0
BIH,7918,SPS,Socijalistiƒçka partija,Socialist Party,2014,2014,2014,2.89,0
BIH,7919,DF,Demokratska fronta,Democratic front,2014,2014,2014,15.33,0
ESP,3301,PSOE,Partido Socialista Obrero Espa√±ol,The Socialist Party,2008,2015,2008,43.9,0
ESP,3302,PSOE(CA),Partido Socialista Obrero Espa√±ol al n√≠vel de las comunidades aut√≥nomas*,The Socialist Party at the level of the autonomous communities*,2008,2008,,,1
ESP,3303,PP,Partido Popular,The People's Party,2008,2015,2008,39.9,0
ESP,3304,PP(CA),Partido Popular al n√≠vel de las comunidades aut√≥nomas*,The People's Party at the level of the autonomous communities*,2008,2008,,,1
ESP,3305,UPyD,Uni√≥n Progreso y Democracia,Union Progress and Democracy,2008,2008,2008,1.2,0
ESP,3306,CiU,Convergencia i Uni√≥,Convergence and Union,2008,2015,2008,3,0
ESP,3307,SI,Solidaritat Catalana per la Independencia,Catalan Solidarity for Independence,2008,2015,2015,0,0
ESP,3308,ERC,Esquerra Republicana de Catalunya,Republican Left of Catalonia,2008,2015,2015,2.4,0
ESP,3309,BNG,Bloque Nacionalista Galego,Galician Nationalist Block,2008,2015,2008,0.8,0
ESP,3310,PNV,Partido Nacionalista Vasco/Euzko Alderdi Jeltzalea,Basque Nationalist Party,2008,2015,2008,1.2,0
ESP,3311,Aralar,Aralar,Aralar,2008,2008,,,1
ESP,3312,EA,Eusko Alkartasuna,Basque Solidarity,2008,2008,,,1
ESP,3313,EH Bildu,Euskal Herria Bildu / Reunir Euskal Herria,Basque Country Unite,2008,2015,2015,0.87,0
ESP,3314,NA-BAI,Nafarroa Bai,Navarra Yes,2008,2008,2008,0.2,0
ESP,3315,UPN,Uni√≥n del pueblo Navarra,Navarrese People's Union,2008,2008,,,1
ESP,3316,AGE,Alternativa Galega de Esquerda,Galician Alternative of the Left,2015,2015,,,1
ESP,3317,Pod,Podemos,Podemos/We can,2015,2015,2015,20.66,0
ESP,3319,Cs,Ciudadanos,Citizens Party,2015,2015,2015,13.93,0
ESP,3320,CUP,Candidatura d'Unitat Popular,Popular Unity Candidacy,2015,2015,,,1
EST,8301,IRL,Isamaa ja Res Publica Liit,Pro Patria and Res Publica Union,2011,2015,2011,20.5,0
EST,8302,EK,Eesti Keskerakond,Estonian Center Party,2011,2015,2015,24.8,0
EST,8303,RE,Eesti Reformierakond,Estonian Reform Party,2011,2015,2011,28.6,0
EST,8304,SDE,Sotsiaaldemokraatlik Erakond,Social Democratic Party,2011,2015,2011,17.1,0
EST,8305,VEE,Vene Erakond Eestis,Russian Party in Estonia,2011,2015,2011,0.9,0
EST,8306,EKRE,Eesti Konservatiivne Rahvaerakond,Conservative Peoples of Estonia,2015,2015,2015,8.1,0
EST,8307,EVA,Eesti Vabaerakond,Estonian Free Party,2015,2015,2015,8.7,0
FIN,1401,Kok,Kansallinen Kokoomus r.p.,National Coalition Party,2011,2015,2011,20.4,0
FIN,1402,PS,Perussuomalaiset,True Finns,2011,2015,2015,21.1,0
FIN,1403,Kesk,Suomen Keskusta,Center Party of Finland,2011,2015,2015,15.8,0
FIN,1404,SDP,Suomen Sosialidemokraattinen Puolue,Social Democratic Party of Finland,2011,2015,2011,19.1,0
FIN,1405,Vas,Vasemmistoliitto,Left Alliance,2011,2015,2011,8.1,0
FIN,1406,Vihr,Vihre√§ liitto,Green League,2011,2015,2015,8.53,0
FIN,1407,SFP,Svenska folkpartiet i Finland / Suomen ruotsalainen kansanpuolue,Swedish People's Party in Finland,2011,2015,2015,4.9,0
FIN,1408,AF,√Ölands Framtid,Future of Aland,2011,2015,,,1
FIN,1409,AD,√Öl√§ndsk Demokrati,Alandic Democracy,2015,2015,,,1
FRA,3101,UMP,Union pour un mouvement populaire,Union for a Popular Movement,2007,2012,2007,39.54,0
FRA,3102,PS,Parti socialiste,Socialist Party,2007,2012,2012,29.35,0
FRA,3103,FN,Front national,National Front,2007,2012,2012,13.6,0
FRA,3104,PNC,Partitu di a Nazione Corsa / Parti de la nation corse,Party of the corse nation,2007,2012,,,1
FRA,3105,CL,Corsica Libera,Free Corsica,2007,2012,,,1
FRA,3106,Unser,Unser Land - Le Parti Alsacien,Our Land - the Alsatian party,2007,2007,,,1
FRA,3107,UDB,Union D√©mocratique Bretonne/Unvaniezh Demokratel Breizh,Breton Democratic Union,2007,2007,,,1
FRA,3108,P“c,Parti Occitan,Occitan Party,2007,2007,,,1
FRA,3109,Inseme,Inseme per a Corsica / Ensemble pour la Corse,Together for Corsica,2012,2012,,,1
FRA,3110,Chjama,A Chjama Naziunale,The national call,2012,2012,,,1
FRA,3111,EELV,Europe √âcologie ‚Äì Les Verts,Europe Ecology - The Greens,2012,2012,2012,5.46,0
FRA,3112,FDG,Front de Gauche,Left Front,2012,2012,2012,6.91,0
GBR,5101,Con,The Conservative Party,The Conservative Party,2010,2015,2015,36.8,0
GBR,5102,Con(reg),"The Conservative Party, regional position","The Conservative Party, regional position",2010,2010,,,1
GBR,5103,Lab,The Labour Party,The Labour Party,2010,2015,2015,30.4,0
GBR,5104,Lab(reg),"The Labour Party, regional position*","The Labour Party, regional position*",2010,2010,,,1
GBR,5105,LD,Liberal Democrats,Liberal Democrats,2010,2015,2010,23,0
GBR,5106,SNP,Scottish National Party,Scottish National Party,2010,2015,2015,4.7,0
GBR,5107,SGP,Scots Green Pairty,Scottish Green Party,2010,2010,,,1
GBR,5108,PC,Plaid Cymru,The Party of Wales,2010,2015,2015,0.6,0
GBR,5109,SF,Sinn Fein,Sinn Fein,2010,2015,2015,0.6,0
GBR,5110,SDLP,Social Democratic & Labour Party,Social Democratic & Labour Party,2010,2015,2010,0.4,0
GBR,5111,DUP,Democratic Unionist Party,Democratic Unionist Party,2010,2015,2015,0.6,0
GBR,5112,UUP,Ulster Unionist Party,Ulster Unionist Party,2010,2015,2015,0.4,0
GBR,5113,Alliance,Alliance Party of Northern Ireland,Alliance Party of Northern Ireland,2010,2015,2010,0.1,0
GBR,5114,TUV,Traditional Unionist Voice,Traditional Unionist Voice,2010,2015,,,1
GBR,5115,UKIP,United Kingdom Independence Party,United Kingdom Independence Party,2015,2015,2015,12.6,0
HRV,8101,HDZ,Hrvatska demokratska zajednica,Croatian Democratic Union,2007,2015,2007,34.91,0
HRV,8102,SDP,Socijaldemokratska partija Hrvatske,Social Democratic Party of Croatia,2007,2015,2007,32.5,0
HRV,8103,HNS,Hrvatska narodna stranka - liberalni demokrati,Croatian People's Party - Liberal Democrats,2007,2007,2007,7.05,0
HRV,8104,HSS,Hrvatska selja?ka stranka,Croatian Peasant Party,2007,2007,2007,6.77,0
HRV,8105,HSP,Hrvatska stranka prava,Croatian Party of Rights,2007,2007,2007,3.47,0
HRV,8106,SDSS,Samostalna demokratska srpska stranka,Independent Democratic Serbian Party,2007,2015,2015,2,0
HRV,8107,DPS,Demokratska partija Srba,Democratic Party of Serbs,2007,2015,2015,2.61,0
HRV,8108,NSS,Nova srpska stranka,New Serbian party,2007,2007,,,1
HRV,8109,SDAH,Stranka demokratske akcije Hrvatske,Party of Democratic Action of Croatia,2007,2015,2007,0.65,0
HRV,8110,HDSSB,Hrvatski demokratski sabor Slavonije i Baranje,Croatian Democratic Assembly of Slavonia and Baranja,2007,2015,2007,1.86,0
HRV,8111,IDS,Istarski demokratski sabor,Istrian Democratic Assembly,2007,2015,2015,1.83,0
HRV,8112,PGS,Primorsko-goranski savez,Alliance of Primorje-Gorski Kotar,2007,2007,2007,6.77,0
HRV,8113,ARS,"Autonomna regionalna stranka Hrvatskog primorja, Gorskog kotara, otoka i Rijeke","Autonomous Regional Party of the Croatian Primorje, Gorski kotar (Mountain district) and the island of Rijeka.",2007,2007,,,1
HRV,8114,MDS,Medjimurski demokratski savez,Medjimur Democratic Union,2007,2007,,,1
HRV,8115,MOST,Most nezavisnih lista,Bridge of independent lists,2015,2015,2015,13.17,0
HRV,8116,SNS,Srspka narodna stranka,Serb People's Party,2015,2015,,,1
ITA,3201,PdL,Popolo della liberta,The People of freedom,2008,2013,2008,37.38,0
ITA,3202,PD,Partito Democratico,Democratic Party,2008,2013,2008,33.18,0
ITA,3203,LN,Lega Nord,Northern League,2008,2013,2008,8.3,0
ITA,3204,PNE,Progetto NordEst,North-East Project,2008,2008,,,1
ITA,3205,MPA,Movimento per le Autonomie,Movement for Autonomy,2008,2008,2008,1.13,0
ITA,3206,NS,Noi Sud - Liberta e Autonomia,We the South - Freedom and Autonomy,2008,2008,,,1
ITA,3207,SVP/PPS,S√ºdtiroler Volkspartei / Partito Popolare Sudtirolese,South Tyrolean People's Party,2008,2013,2013,0.43,0
ITA,3208,UpT,Unione per il Trentino,Union for Trentino,2008,2008,,,1
ITA,3209,PATT,Partito Autonomista Trentino Tirolese,Trentino Tyrolean Autonomist Party,2008,2008,,,1
ITA,3210,STF/LST,S√ºd-Tiroler Freiheit / Libert√† Sud-Tirolese,South Tyrolean Freedom,2008,2013,,,1
ITA,3211,BU,B√ºrgerUnion / Unione per il Sudtirolo,Union for South Tyrol,2008,2013,2008,0.04,0
ITA,3212,UV,Union Vald√¥taine,Valdotanian Union,2008,2013,,,1
ITA,3213,ALPE,Autonomie Liberta Participation ÔøΩcologie,"Autonomy, Liberty, Participation, Ecology",2008,2008,,,1
ITA,3214,PSd'Az,Partitu Sardu / Partito Sardo d'Azione,Sardinian Action Party,2008,2013,2013,0.05,0
ITA,3215,UDS,Unione Democratica Sarda ‚Äì Progetto Nazionalitario,Sardinian Democratic Union,2008,2013,,,1
ITA,3216,M5S,Movimento 5 Stelle,Five Star Movement,2013,2013,2013,25.56,0
ITA,3217,RS,Riformatori Sardi,Sardinian Reformers,2013,2013,,,1
ITA,3218,SC,Scelta Civica,Civic Choice,2013,2013,2013,8.3,0
ITA,3219,UVP,L'Union Vald√¥taine Progressiste,Progressive Valdotanian Union,2013,2013,,,1
LTU,8801,TS-LKD,Tevynes Sajunga - Lietuvos Krikscionys Demokratai,Homeland Union - Christian Democrats of Lithuania,2008,2012,2008,19.72,0
LTU,8802,TPP,Tautos Prisikelimo Partija,National Revival Party,2008,2008,2008,15.09,0
LTU,8803,TT,Tvarka ir teisingumas,Order and Justice,2008,2012,2008,12.68,0
LTU,8804,LSDP,Lietuvos socialdemokratu partija,Social Democratic Party of Lithuania,2008,2012,2012,18.37,0
LTU,8805,DP,Darbo partija,Labour Party,2008,2012,2012,19.82,0
LTU,8806,LLRA,Lietuvos lenku rinkimu akcija/Akcja Wyborcza Polak√≥w na Litwie,Election Action of Lithuania's Poles,2008,2012,2012,5.83,0
LTU,8807,LRS,Lietuvos rus≈≥ sƒÖjunga,Lithuanian Russian Union,2008,2012,2008,0.92,0
LTU,8808,DK,‚ÄûDrƒÖsos kelias‚Äú politinƒó partija,Courage Way Party,2012,2012,2012,7.99,0
LTU,8809,LRLS,Lietuvos Respublikos Liberal≈≥ SƒÖj≈´dis,Liberals' Movement of the Republic of Lithuania,2012,2012,2012,8.57,0
LVA,8701,PS,Pilsoniska Savieniba,Civic Union,2010,2014,2010,31.2,0
LVA,8702,JL,Jaunais Laikas,New Era Party,2010,2010,2010,31.2,0
LVA,8703,SCP,Sabiedriba Citai Politikal,Society for Other Politics,2010,2010,2010,31.2,0
LVA,8704,SDPS,Socialdemokratiska Partija 'Saskana',Social Democratic Party 'Harmony',2010,2014,2010,26,0
LVA,8705,LSP,Latvijas Socialistiska Partija,Latvian Socialist Party,2010,2010,2010,26,0
LVA,8706,LZS,Centriska Partija - Latvijas Zemnieku Savieniba,Centre Party - Latvian Peasants' Union,2010,2014,2010,19.7,0
LVA,8707,LZP,Latvijas Zala Partija,Latvian Green Party,2010,2014,2010,19.7,0
LVA,8708,VL,Visu Latvijai,All For Latvia,2010,2010,2010,7.7,0
LVA,8709,NA,NacionƒÅlƒÅ Apvienƒ´ba,National Alliance,2010,2014,2014,16.61,0
LVA,8710,TP,Tautas Partija,People's Party,2010,2010,2010,7.7,0
LVA,8711,LPP-LC,Latvijas Pirm? Partija - Latvijas Ce?ö,Latvia's First Party - Latvia's Way,2010,2010,2010,7.7,0
LVA,8712,LKS/RSL,Latvijas Krievu savienƒ´ba / –†—É—Å—Å–∫–∏–π —Å–æ—é–∑ –õ–∞—Ç–≤–∏–∏,Latvian Russian Union,2010,2014,2014,1.58,0
LVA,8714,LRA,Latvijas Reƒ£ionu apvienƒ´ba,Latvian Association of Regions,2014,2014,2014,6.66,0
LVA,8715,NSL,No sirds Latvijai,For Latvia from the heart,2014,2014,2014,6.85,0
MDA,9001,PCRM,Partidul Comuni≈ütilor din Republica Moldova,Party of Communists of the Republic of Moldova,2010,2014,2010,39.32,0
MDA,9002,PLDM,Partidul Liberal Democrat din Moldova,Liberal Democratic Party of Moldova,2010,2014,2010,29.42,0
MDA,9003,PDM,Partidul Democrat din Moldova,Democratic Party of Moldova,2010,2014,2014,15.8,0
MDA,9004,PL,Partidul Liberal,Liberal Party,2010,2014,2010,9.96,0
MDA,9005,MSR,Mi≈ücarea social-politica Ravnopravie,Social-political Movement Ravnopravie (Equality),2010,2014,2010,0.1,0
MDA,9006,PSRM,Partidul Sociali≈ütilor din Republica Moldova,Party of Socialists of the Republic of Moldova,2014,2014,2014,20.51,0
MKD,8901,VMRO-DPMNE,–í–Ω–∞—Ç—Ä–µ—à–Ω–∞ –º–∞–∫–µ–¥–æ–Ω—Å–∫–∞ —Ä–µ–≤–æ–ª—É—Ü–∏–æ–Ω–µ—Ä–Ω–∞ –æ—Ä–≥–∞–Ω–∏–∑–∞—Ü–∏—ò–∞ - –î–µ–º–æ–∫—Ä–∞—Ç—Å–∫–∞ –ø–∞—Ä—Ç–∏—ò–∞ –∑–∞ –º–∞–∫–µ–¥–æ–Ω—Å–∫–æ –Ω–∞—Ü–∏–æ–Ω–∞–ª–Ω–æ –µ–¥–∏–Ω—Å—Ç–≤–æ,Internal Macedonian Revolutionary Organization - Democratic Party for Macedonian National Unity,2011,2014,2014,42.97,0
MKD,8902,SDSM,Socijaldemokratski sojuz na Makedonija,Social Democratic Union of Macedonia,2011,2014,2011,32.78,0
MKD,8903,DUI/BDI,–î–µ–º–æ–∫—Ä–∞—Ç—Å–∫–∞—Ç–∞ —É–Ω–∏—ò–∞ –∑–∞ –∏–Ω—Ç–µ–≥—Ä–∞—Ü–∏—ò–∞ / Bashkimi Demokratik p√´r Integrim,Democratic Union for Integration,2011,2014,2014,13.71,0
MKD,8904,DPA/PDSH,–î–µ–º–æ–∫—Ä–∞—Ç—Å–∫–∞—Ç–∞ –ø–∞—Ä—Ç–∏—ò–∞ –Ω–∞ –ê–ª–±–∞–Ω—Ü–∏—Ç–µ / Partia Demokratike Shqiptare,Democratic Party of the Albanians,2011,2014,2014,5.92,0
MKD,8905,NDP,Nacionalna demokratska prerodba,National Democratic Revival,2011,2014,2011,2.67,0
MKD,8906,DPTM/TDP,–î–µ–º–æ–∫—Ä–∞—Ç—Å–∫–∞ –ü–∞—Ä—Ç–∏—ò–∞ –Ω–∞ –¢—É—Ä—Ü–∏—Ç–µ –Ω–∞ –ú–∞–∫–µ–¥–æ–Ω–∏—ò–∞ / T√ºrk Demokratik Partisi Makedonya,Democratic Party of Turks in Macedonia,2011,2014,2014,42.97,0
MKD,8907,DPSM,–î–µ–º–æ–∫—Ä–∞—Ç—Å–∫–∞ –ü–∞—Ä—Ç–∏—ò–∞ –Ω–∞ –°—Ä–±–∏—Ç–µ –≤–æ –ú–∞–∫–µ–¥–æ–Ω–∏—ò–∞ / –î–µ–º–æ–∫—Ä–∞—Ç—Å–∫–∞ –ü–∞—Ä—Ç–∏—ò–∞ –°—Ä–±–∞ —É –ú–∞–∫–µ–¥–æ–Ω–∏—ò–∏,Democratic Party of Serbs in Macedonia,2011,2014,2014,42.97,0
MKD,8912,PDTM/THP,–ü–∞—Ä—Ç–∏—ò–∞ –∑–∞ –¥–≤–∏–∂–µ—ö–µ –Ω–∞ –¢—É—Ä—Ü–∏—Ç–µ –≤–æ –ú–∞–∫–µ–¥–æ–Ω–∏—ò–∞ / T√ºrk Hareket Partisi Makedonya,Party for the movement of Turks in Macedonia,2014,2014,2014,25.34,0
MKD,8913,SDAM,–°—Ç—Ä–∞–Ω–∫–∞ –Ω–∞ –î–µ–º–æ–∫—Ä–∞—Ç—Å–∫–∞ –ê–∫—Ü–∏—ò–∞ –Ω–∞ –ú–∞–∫–µ–¥–æ–Ω–∏—ò–∞,Party for Democratic Action of Macedonia,2014,2014,2014,42.97,0
MNE,9101,DPS CG,Demokratska Partija Socijalista Crne Gore,Democratic Party of Socialists of Montenegro,2009,2012,2009,51.94,0
MNE,9102,SNP CG,Socijalistiƒçka Narodna Partija Crne Gore,Socialist People's Party of Montenegro,2009,2012,2009,16.83,0
MNE,9103,NOVA,Nova srpska demokratija,New Serb Democracy,2009,2012,2012,23.19,0
MNE,9104,DUA,Demokratska Unija Albanaca,Democratic Union of Albanians,2009,2012,2009,1.46,0
MNE,9105,FORCA,Nova Demokratska Snaga - FORCA,New Democratic Power ñ FORCA,2009,2012,2009,1.91,0
MNE,9106,DSCG,Demokratski Savez u Crnoj Gori / Lidhja Demokratike n√´ Mal t√´ Zi,Democratic League in Montenegro,2009,2012,2012,1.07,0
MNE,9107,KS-P,Albanska koalicija Perspektiva,Albanian Coalition - Perspective,2009,2009,2009,0.81,0
MNE,9108,HGI,Hrvatska Graƒëanska Inicijativa,Croatian Civic Initiative,2009,2012,2009,51.94,0
MNE,9109,BS,Bo≈°njaƒçka Stranka,Bosniak Party,2009,2012,2009,51.94,0
MNE,9110,SDP CG,Socijaldemokratska Partija Crne Gore,Social Democratic Party of Montenegro,2009,2012,2009,51.94,0
MNE,9112,PCG,Pozitivna Crna Gora,Positive Montenegro,2012,2012,2012,8.37,0
MNE,9113,PzP,Pokret za promjene,Movement for Changes,2012,2012,2012,23.19,0
MNE,9114,AA,Albanska alternativa / Alternativa Shqiptare,Albanian Alternative,2012,2012,2012,1.07,0
POL,9201,PO,Platforma Obywatelska,Civic Platform,2007,2015,2007,41.51,0
POL,9202,PiS,Prawo i Sprawiedliwo≈õƒá,Law and Justice,2007,2015,2015,37.58,0
POL,9203,SLD,Sojusz Lewicy Demokratycznej,Democratic Left Alliance,2007,2015,2007,13.15,0
POL,9204,PSL,Polskie Stronnictwo Ludowe,Polish People's Party,2007,2015,2007,8.91,0
POL,9205,MN,Komitet Wyborczy Mniejszo≈õƒá Niemiecka,German Minority Electoral Committee,2007,2015,2007,0.2,0
POL,9206,RAS,Ruch Autonomii ≈ölƒÖska,Silesian Autonomy Movement,2007,2007,,,1
POL,9207,.N,Nowoczesna,Modern Political Party,2015,2015,2015,7.6,0
POL,9208,Kukiz,Kukiz'15,Kukiz'15,2015,2015,2015,8.81,0
ROU,9301,PSD,Partidul Social Democrat,Social Democratic Party,2008,2012,2012,58.6,0
ROU,9302,PD-L,Partidul Democrat-Liberal,Democratic Liberal Party,2008,2008,2008,32.36,0
ROU,9303,PNL,Partidul Na≈£ional Liberal,National Liberal Party,2008,2012,2012,58.6,0
ROU,9304,PRM,Partidul Rom√¢nia Mare,Greater Romania Party,2008,2008,2008,3.15,0
ROU,9305,UDMR,Uniunea DemocratƒÉ MaghiarƒÉ din Rom√¢nia,Democratic Union of Hungarians in Romania,2008,2012,2008,6.17,0
ROU,9306,PCM/MPP,Partidul Civic Maghiar / Magyar Polg√°ri P√°rt,Hungarian Civic Party,2008,2012,2012,0,0
ROU,9307,FDGR,Forumul Democrat al Germanilor din Rom√¢nia,Democratic Forum of Germans in Romania,2008,2012,2012,0.53,0
ROU,9308,ALDE,Alian»õa Liberalilor »ôi Democra»õilor,Alliance of Liberals and Democrats,2012,2012,2012,0,0
ROU,9309,PMP,Partidul Mi»ôcarea PopularƒÉ,People's Movement Party,2012,2012,2012,0,0
ROU,9310,PPMT/EMNP,Erd√©lyi Magyar N√©pp√°rt/Partidul Popular Maghiar din Transilvania,Hungarian People's Party of Transylvania,2012,2012,2012,0.64,0
SRB,9501,DS,Demokratska Stranka,Democratic Party,2008,2016,2008,38.41,0
SRB,9502,SNS,Srpska napredna stranka,Serbian Progressive Party,2008,2016,2016,48.25,0
SRB,9503,SRS,Srpska Radikalna Stranka,Serbian Radical Party,2008,2016,2008,29.45,0
SRB,9504,DSS,Demokratska Stranka Srbije,Democratic Party of Serbia,2008,2016,2008,11.61,0
SRB,9505,SPS,Socijalistiƒçka partija Srbije,Socialist Party of Serbia,2008,2016,2016,10.95,0
SRB,9506,LDP,Liberalno-Demokratska Partija,Liberal Democratic Party,2008,2008,2008,5.23,0
SRB,9507,SVM,Savez Vojvoƒëanskih Maƒëara,Alliance of Vojvodina Hungarians,2008,2016,2008,1.8,0
SRB,9508,DSVM,Demokratska Stranka Vojvoƒëanskih Maƒëara,Democratic Party of Vojvodina Hungarians,2008,2016,2008,1.8,0
SRB,9509,SDPS,Socijaldemokratska partija Srbije,Social Democratic Party of Serbia,2008,2016,2016,48.25,0
SRB,9510,SDA,Stranka Demokratske Akcije Sandzaka,Party of Democratic Action of Sandzak,2008,2016,2008,0.92,0
SRB,9511,BDZ,Bo≈°njaƒçka demokratska zajednica Sand≈æaka,Bosniak Democratic Union of Sand≈æak,2008,2016,2016,0.86,0
SRB,9512,PZDD,Partija za demokratsko delovanje / Partia p√´r vertim demokratik,Party for democratic action,2008,2016,2016,0.43,0
SRB,9513,DPA,Demokratska Partija Albanaca / Partia Demokratike Shqiptare,Democratic Party of Albanians,2008,2016,2016,0,0
SRB,9514,DSHV,Demokratski Savez Hrvata u Vojvodini,Democratic Alliance of Croats in Vojvodina,2008,2016,2008,38.41,0
SRB,9515,DJB,Dosta je bilo,It's enough,2016,2016,2016,6.02,0
SRB,9517,Dveri,Dveri,Doors,2016,2016,2016,5.04,0
SRB,9518,LSV,Liga socijaldemokrata Vojvodine,League of Vojvodina Social Democrats,2016,2016,2016,5.02,0
SRB,9521,ZES,Zelena stranka,Green party,2016,2016,2016,0.63,0
SVK,9601,SMER-SD,Smer-soci√°lna demokracia,Social Democratic Party,2010,2016,2010,34.79,0
SVK,9602,SDKU-DS,Slovensk√° demokratick√° a kres≈•ansk√° √∫nia ‚Äì Demokratick√° strana,Slovak Democratic and Christian Union ñ Democratic Party,2010,2010,2010,15.42,0
SVK,9603,KDH,Kres≈•anskodemokratick√© hnutie,Christian Democratic Movement,2010,2010,2010,8.52,0
SVK,9604,SaS,Sloboda a Solidarita,Freedom and Solidarity,2010,2016,2010,12.14,0
SVK,9605,SNS,Slovensk√° n√°rodn√° strana,Slovak National Party,2010,2016,2016,8.6,0
SVK,9606,Most-H√≠d,Most-H√≠d,Bridge,2010,2016,2010,8.12,0
SVK,9607,SMK-MKP,Strana maƒèarskej koal√≠cie ‚Äì Magyar Koal√≠ci√≥ P√°rtja,Party of the Hungarian Coalition,2010,2016,2010,4.33,0
SVK,9608,L'SNS,ƒΩudov√° strana ‚Äì Na≈°e Slovensko,People's Party - our Slovakia,2016,2016,2016,8,0
SVK,9609,OL'aNO-NOVA,Obyƒçajn√≠ ƒΩudia a nez√°visl√© osobnosti,Ordinary People and Independent Personalities,2016,2016,2016,11,0
SVK,9610,SIET,SIET,Network,2016,2016,2016,5.6,0
TUR,7401,AKP,Adalet ve Kalkinma Partisi,Justice and Development Party,2011,2015,2011,49.83,0
TUR,7402,CHP,Cumhuriyet Halk Partisi,Republican People's Party,2011,2015,2011,25.98,0
TUR,7403,MHP,Milliyetci Hareket Partisi,National Movement Party,2011,2015,2011,13.01,0
TUR,7404,HDP,Halklarƒ±n Demokratik Partisi,People's Democratic Party,2011,2015,2015,10.76,0
UKR,9801,PR,Partia rehioniv,Party of Regions,2007,2007,2007,34.37,0
UKR,9802,BJUT,Blok Julii Tymoshenko,Bloc Yulia Tymoshenko,2007,2014,2007,30.71,0
UKR,9803,NUNS,Blok Nasha Ukraina - Narodna Samooborona,Bloc Our Ukraine - People's Self-Defense,2007,2007,2007,14.15,0
UKR,9804,KPU,Komunistychna partia Ukrainy,Communist Party of Ukraine,2007,2007,2007,5.39,0
UKR,9805,Rukh,Narodnyi rukh Ukrainy,People's Movement of Ukraine,2007,2007,,,1
UKR,9806,Soiuz,Soiuz,Union,2007,2007,,,1
UKR,9807,Russkoe edinstvo,Russkoe edinstvo,Russian Unity,2007,2007,,,1
UKR,9808,Sylna Ukraina,Sylna Ukraina,Strong Ukraine,2007,2007,,,1
UKR,9809,NF,–ù–∞—Ä–æ–¥–Ω–∏–π —Ñ—Ä–æ–Ω—Ç,People's Front,2014,2014,2014,22.14,0
UKR,9810,OB,–û–ø–æ–∑–∏—Ü—ñ–π–Ω–∏–π –±–ª–æ–∫,Opposition Bloc,2014,2014,2014,9.43,0
UKR,9811,RP,–†–∞–¥–∏–∫–∞–ª—å–Ω–∞ –ü–∞—Ä—Ç—ñ—è,Radical Party of Oleh Lyashko,2014,2014,2014,7.44,0
UKR,9812,Samomich,–û–±'—î–¥–Ω–∞–Ω–Ω—è ¬´–°–∞–º–æ–ø–æ–º—ñ—á¬ª,Self Reliance Party,2014,2014,2014,10.97,0
UKR,9813,Svoboda,–í—Å–µ—É–∫—Ä–∞—ó–Ω—Å—å–∫–µ –æ–±‚Äô—î–¥–Ω–∞–Ω–Ω—è ¬´–°–≤–æ–±–æ–¥–∞¬ª,"All-Ukrainian Union Svoboda ""Freedom""",2014,2014,2014,4.71,0
UKR,9814,Solidarnist,–ë–ª–æ–∫ –ü–µ—Ç—Ä–∞ –ü–æ—Ä–æ—à–µ–Ω–∫–∞ ¬´–°–æ–ª—ñ–¥–∞—Ä–Ω—ñ—Å—Ç—å¬ª,"Petro Poroshenko Bloc ""Solidarity""",2014,2014,2014,21.82,0
XKX,9901,PDK,Partia Demokratike e Kosov√´s,Democratic Party of Kosovo,2010,2014,2010,32.1,0
XKX,9902,LDK,Lidhja Demokratike e Kosov√´s,Democratic League of Kosovo,2010,2014,2014,25.24,0
XKX,9903,VV,L√´vizja Vet√´vendosje!,Self-Determination Movement,2010,2014,2014,13.59,0
XKX,9904,AAK,Aleanca p√´r Ardhm√´rin√´ e Kosov√´s,Alliance for the Future of Kosovo,2010,2014,2010,11,0
XKX,9905,KKR,Koalicioni p√´r Kosov√´ t√´,New Kosovo Coalition,2010,2010,2010,7.3,0
XKX,9906,SLS,Samostalna liberalna stranka,Independent Liberal Party,2010,2014,2014,5.22,0
XKX,9907,JSL,Jedinstvena Srpska Lista,Unique Serbian List,2010,2010,2010,0.9,0
XKX,9908,SD,Socijaldemokratija,Social Democracy,2010,2014,2014,5.22,0
XKX,9909,NDS,Nova Demokratska Stranka,New Democratic Party,2010,2014,2010,0.4,0
XKX,9910,BSDAK,Bo≈°njaƒçka Stranka Demokratske Akcije Kosova,Bosniak Party of Democratic Action of Kosovo,2010,2014,2010,0.3,0
XKX,9911,KV,Koalicija Vakat,Vakat Coalition,2010,2014,2014,0.89,0
XKX,9912,KDTP,Kosova Demokratik T√ºrk Partisi,Kosovo Turkish Democratic Party,2010,2014,2010,1.2,0
XKX,9913,GIG,Graƒëanska inicijativa Gore,Civic Initiative of Gora,2010,2014,2014,0.16,0
XKX,9914,JGP,Jedinstvena goranska partija,Unique Goranian Party,2014,2014,2014,0.16,0
XKX,9915,KNRP,Kosovaki nevi romani partia,Kosovar New Romani Party,2014,2014,2014,0.09,0
XKX,9916,NISMA,Nisma p√´r Kosov√´n,Initiative for Kosovo,2014,2014,2014,5.15,0
XKX,9917,PAI,Partia e Ashkalinj√´ve p√´r Integrim,Ashkali Party for Integration,2014,2014,2014,0.22,0
XKX,9918,PDS,Progresivna demokratska stranka,Progressive Democratic Party,2014,2014,2014,0.82,0
XKX,9919,PLE,Partia Liberale Egjiptiane,Egyptian Liberal Party,2014,2014,2014,0.27,0
XKX,9920,PDAK,Partia Demokratike e Ashkanlive t√´ Kosov√´s,Democratic Ashkali Party of Kosovo,2014,2014,2014,0.46,0
XKX,9921,Srpska,Srpska lista,Serb List,2014,2014,2014,5.22,0
