country,dataset_key,dataset_party_id,name_short,name,name_english,year_first,year_last,share,share_year,description,comment,created,modified,external_id,partyfacts_id
ALB,ess,1885,AK,Aleanca Kuq e Zi,,2012,2012,,,,,2015-05-04T12:08:55Z,2017-06-15T16:04:38Z,9682,2571
ALB,ess,1217,FRD,Fryma e Re Demokratike,,2012,2012,,,,,2015-05-04T12:08:40Z,2017-06-15T16:04:45Z,9311,3697
ALB,ess,1372,LSI,Lëvizja Socialiste për Integrim,,2012,2012,,,,,2015-05-04T12:08:37Z,2017-06-15T16:04:37Z,9210,2297
ALB,ess,1698,PBDNJ,Partia Bashkimi për të Drejtat e Njeriut,,2012,2012,,,,,2015-05-04T12:09:10Z,2017-06-15T16:04:01Z,9995,1636
ALB,ess,1072,PD,Partia Demokratike e Shqipërisë,,2012,2012,,,,,2015-05-04T12:08:59Z,2017-06-15T16:03:51Z,9778,190
ALB,ess,1686,PDIU,"Partia Drejtësi, Integrim dhe Unitet",,2012,2012,,,,,2015-05-04T12:08:41Z,2017-06-15T16:04:28Z,9339,3270
ALB,ess,1658,PR,Partia Republikane e Shqipërisë,,2012,2012,,,,,2015-05-04T12:09:03Z,2017-06-15T16:04:22Z,9852,819
ALB,ess,1053,PSD,Partia Socialdemokrate e Shqipërisë,,2012,2012,,,,,2015-05-04T12:09:07Z,2017-06-15T16:04:47Z,9933,838
ALB,ess,1521,PS,Partia Socialiste e Shqipërisë,,2012,2012,,,,,2015-05-04T12:08:53Z,2017-06-15T16:04:09Z,9626,1729
ALB,ess,1378,,,Other,2012,2012,,,,,2015-05-04T12:08:56Z,2017-06-15T16:04:08Z,9693,2568
AUT,ess,1798,BZÖ,,,2006,2006,,,,,2015-05-04T12:09:09Z,2017-06-15T16:04:49Z,9978,599
AUT,ess,1724,FPÖ,,,2002,2006,,,,,2015-05-04T12:08:52Z,2017-06-15T16:03:53Z,9596,463
AUT,ess,1115,KPÖ,,,2006,2006,,,,,2015-05-04T12:08:50Z,2017-06-15T16:04:39Z,9548,996
AUT,ess,1091,LIF,,,2002,2006,,,,,2015-05-04T12:08:37Z,2017-06-15T16:04:42Z,9216,605
AUT,ess,1648,ÖVP,,,2002,2006,,,,,2015-05-04T12:08:43Z,2017-06-15T16:04:48Z,9381,1329
AUT,ess,1479,SPÖ,,,2002,2006,,,,,2015-05-04T12:08:46Z,2017-06-15T16:03:57Z,9456,1384
AUT,ess,1582,GRÜNE,Grüne,,2002,2006,,,,,2015-05-04T12:08:52Z,2017-06-15T16:03:49Z,9582,1659
AUT,ess,1200,,Andere,Other,2002,2006,,,,,2015-05-04T12:08:42Z,2017-06-15T16:04:03Z,9371,1857
BEL,ess,1262,CD&V,,,2004,2012,,,,,2015-05-04T12:09:04Z,2017-06-15T16:03:59Z,9884,604
BEL,ess,1544,CVP,,,2002,2002,,,,,2015-05-04T12:08:43Z,2017-06-15T16:04:27Z,9399,622
BEL,ess,1073,ECOLO,,,2002,2012,,,,,2015-05-04T12:08:45Z,2017-06-15T16:04:31Z,9434,1563
BEL,ess,1651,N-VA,,,2004,2012,,,,,2015-05-04T12:08:46Z,2017-06-15T16:04:02Z,9459,36
BEL,ess,1730,PNPB,,,2002,2002,,,,,2015-05-04T12:08:43Z,2017-06-15T16:04:15Z,9373,2609
BEL,ess,1672,PRL-FDF,,,2002,2002,,,,,2015-05-04T12:08:37Z,2017-06-15T16:03:55Z,9235,128
BEL,ess,1465,PS,,,2002,2012,,,,,2015-05-04T12:09:11Z,2017-06-15T16:04:30Z,10017,500
BEL,ess,1373,PSC/CDH,,,2002,2012,,,,,2015-05-04T12:09:10Z,2017-06-15T16:04:07Z,10000,2338
BEL,ess,1291,PVDA,,,2002,2012,,,,,2015-05-04T12:08:55Z,2017-06-15T16:04:38Z,9666,1753
BEL,ess,1066,SP.A,,,2002,2012,,,,,2015-05-04T12:09:11Z,2017-06-15T16:04:41Z,10027,1586
BEL,ess,1282,VU-ID,,,2002,2002,,,,,2015-05-04T12:09:08Z,2017-06-15T16:04:31Z,9963,1424
BEL,ess,1254,,Agalev/Groen!,,2002,2012,,,,,2015-05-04T12:08:42Z,2017-06-15T16:04:43Z,9350,528
BEL,ess,1348,,Blanco,,2004,2012,,,,,2015-05-04T12:08:38Z,2017-06-15T16:03:54Z,9248,3002
BEL,ess,1299,,Lijst Dedecker,,2008,2012,,,,,2015-05-04T12:09:00Z,2017-06-15T16:04:44Z,9779,43
BEL,ess,1557,,Ongeldig,,2010,2012,,,,,2015-05-04T12:08:53Z,2017-06-15T16:04:23Z,9603,3002
BEL,ess,1859,,Parti Populaire,,2010,2012,,,,,2015-05-04T12:08:42Z,2017-06-15T16:04:29Z,9347,639
BEL,ess,2043,,PTB,,2002,2012,,,,,2015-05-19T13:22:59Z,2017-06-15T16:04:16Z,10158,1753
BEL,ess,1955,,SP.A-Spirit,,2004,2008,,,,,2015-05-19T13:22:58Z,2017-06-15T16:04:42Z,10141,1586
BEL,ess,1065,VIVANT,Vivant,,2002,2008,,,,,2015-05-04T12:09:09Z,2017-06-15T16:04:05Z,9976,76
BEL,ess,1029,,Vlaams Belang,,2008,2012,,,,,2015-05-04T12:08:51Z,2017-06-15T16:04:34Z,9565,1968
BEL,ess,1564,,Vlaams Blok,,2002,2006,,,,,2015-05-04T12:09:02Z,2017-06-15T16:04:37Z,9833,553
BEL,ess,1772,FRONT,,Front National,2002,2012,,,,,2015-05-04T12:08:54Z,2017-06-15T16:03:59Z,9630,191
BEL,ess,1159,,,Invalid,2004,2008,,,,,2015-05-04T12:08:54Z,2017-06-15T16:04:18Z,9633,3002
BEL,ess,1625,MR,,MR,2004,2012,,,,,2015-05-04T12:08:45Z,2017-06-15T16:04:43Z,9435,789
BEL,ess,1694,VLD,,Open VLD,2002,2012,,,,,2015-05-04T12:09:06Z,2017-06-15T16:04:02Z,9918,49
BEL,ess,1546,,,Other,2002,2012,,,,,2015-05-04T12:08:51Z,2017-06-15T16:04:33Z,9575,1834
BEL,ess,1458,RESIST,,RESIST,2004,2006,,,,,2015-05-04T12:08:47Z,2017-06-15T16:04:30Z,9478,2609
BEL,ess,1284,,Vlaams - Progressieven Spirit,Spirit,2004,2008,,,,,2015-05-04T12:08:44Z,2017-06-15T16:04:35Z,9403,1586
BGR,ess,1216,BZNS,,,2006,2012,,,,,2015-05-04T12:08:41Z,2017-06-15T16:04:24Z,9317,747
BGR,ess,1803,DP,,,2006,2008,,,,,2015-05-04T12:09:03Z,2017-06-15T16:04:27Z,9855,982
BGR,ess,1302,GERB,,,2006,2012,,,,,2015-05-04T12:09:03Z,2017-06-15T16:03:48Z,9857,760
BGR,ess,1506,NDSV,,,2006,2012,,,,,2015-05-04T12:08:52Z,2017-06-15T16:04:17Z,9588,374
BGR,ess,1164,OBT,,,2008,2008,,,,,2015-05-04T12:08:54Z,2017-06-15T16:04:30Z,9655,709
BGR,ess,1457,PP,Balgarska demokratichna obshtnost,,2012,2012,,,,,2015-05-04T12:09:10Z,2017-06-15T16:04:26Z,10015,2635
BGR,ess,1240,BSP,Balgarska sotsialisticheska partia,,2006,2012,,,,,2015-05-04T12:09:06Z,2017-06-15T16:04:11Z,9913,757
BGR,ess,1705,VMRO,Balgarsko natsionalno dvizhenie,,2006,2012,,,,,2015-05-04T12:08:42Z,2017-06-15T16:04:43Z,9344,519
BGR,ess,2015,,Druga politicheska sila,,2010,2010,,,,,2015-05-19T13:23:01Z,2017-06-15T16:04:12Z,10184,2634
BGR,ess,1759,,Dvijenie 'Gergiovden',,2006,2008,,,,,2015-05-04T12:09:11Z,2017-06-15T16:04:42Z,10028,1820
BGR,ess,1983,,Dvijenie za Prava i Svobodi,,2008,2008,,,,,2015-05-19T13:22:53Z,2017-06-15T16:04:26Z,10096,982
BGR,ess,1357,PP,Edinna narodna partia,,2012,2012,,,,,2015-05-04T12:09:08Z,2017-06-15T16:04:29Z,9956,2635
BGR,ess,1080,ABV,Grajdansko dvijenie,,2010,2010,,,,,2015-05-04T12:08:55Z,2017-06-15T16:03:54Z,9660,1621
BGR,ess,1176,ODS,Koalitziia,,2008,2008,,,,,2015-05-04T12:08:39Z,2017-06-15T16:04:01Z,9288,1183
BGR,ess,1123,BNS/ND,Koalitziia Balgarski Natsionalen Saiuz,,2006,2010,,,,,2015-05-04T12:08:41Z,2017-06-15T16:04:29Z,9335,263
BGR,ess,1594,PP,Lider,,2010,2010,,,,,2015-05-04T12:08:52Z,2017-06-15T16:04:44Z,9593,265
BGR,ess,1153,,Narodna partia „Svoboda i dostoynstvo“,,2012,2012,,,,,2015-05-04T12:08:55Z,2017-06-15T16:04:19Z,9681,3189
BGR,ess,1644,PP,Natsionalno dvizhenie Edinstvo,,2012,2012,,,,,2015-05-04T12:08:59Z,2017-06-15T16:04:41Z,9768,2635
BGR,ess,1985,,Natzionalno Dvijenie Simeon II,,2008,2008,,,,,2015-05-19T13:22:49Z,2017-06-15T16:04:01Z,10052,374
BGR,ess,1406,,"Nezavisim kandidat/Kandidati, izdignati ot Initsiativni komiteti",,2010,2012,,,,,2015-05-04T12:08:55Z,2017-06-15T16:04:01Z,9669,2633
BGR,ess,1371,PP,„Novoto vreme” Emil Koshlukov,,2006,2012,,,,,2015-05-04T12:08:47Z,2017-06-15T16:04:44Z,9483,2022
BGR,ess,1986,,Novo Vreme,,2008,2008,,,,,2015-05-19T13:23:01Z,2017-06-15T16:03:50Z,10174,2022
BGR,ess,1569,Ataka,Partia Ataka,,2006,2012,,,,,2015-05-04T12:09:10Z,2017-06-15T16:04:06Z,10007,1793
BGR,ess,1163,SSD,Partia „Balgarski sotsialdemokrati”,,2006,2012,,,,,2015-05-04T12:09:01Z,2017-06-15T16:04:39Z,9821,1488
BGR,ess,1202,,Partia Roma,,2010,2010,,,,,2015-05-04T12:08:41Z,2017-06-15T16:04:41Z,9333,1621
BGR,ess,1864,,Politichesko dvijenie Evroroma,,2006,2010,,,,,2015-05-04T12:08:40Z,2017-06-15T16:04:49Z,9295,2055
BGR,ess,1826,,P.P. Drugata Balgaria,,2010,2010,,,,,2015-05-04T12:08:44Z,2017-06-15T16:04:00Z,9425,2635
BGR,ess,1427,RZS,"Red, zakonnost i spravedlivost",,2008,2012,,,,,2015-05-04T12:08:57Z,2017-06-15T16:04:01Z,9710,272
BGR,ess,2048,KP,Sayuz na desnite sili,,2012,2012,,,,,2015-05-19T13:22:48Z,2017-06-15T16:04:39Z,10039,482
BGR,ess,2044,SSD,Sayuz na svobodnite demokrati,,2012,2012,,,,,2015-05-19T13:22:50Z,2017-06-15T16:04:29Z,10068,1488
BGR,ess,1633,SDS,Siniata koalitsia ;,,2010,2010,,,,,2015-05-04T12:09:04Z,2015-08-05T13:43:08Z,9886,58
BGR,ess,1229,,Sotsialdemokrati,,2010,2010,,,,,2015-05-04T12:09:01Z,2017-06-15T16:04:22Z,9808,661
BGR,ess,1416,PP,„Zelena partia” Aleksandar Karakachanov,,2010,2012,,,,,2015-05-04T12:08:46Z,2017-06-15T16:04:00Z,9472,659
BGR,ess,1956,,Koalitziia Ataka,Coalition Ataka,2006,2008,,,,,2015-05-19T13:22:57Z,2017-06-15T16:04:44Z,10126,4797
BGR,ess,1715,,Koalitziia na Rozata,Coalition of the Rose,2006,2008,,,,,2015-05-04T12:08:46Z,2017-06-15T16:04:44Z,9470,2054
BGR,ess,1558,DSB,Demokrati za silna Bulgaria,Demokrati za silna Bulgaria (DSB),2006,2012,,,,,2015-05-04T12:08:40Z,2017-06-15T16:04:34Z,9310,1195
BGR,ess,1128,,Drugata Bulgaria,Drugata Bulgaria,2012,2012,,,,,2015-05-04T12:08:43Z,2017-06-15T16:04:15Z,9389,2635
BGR,ess,1703,DPS,Dvizhenie za prava i svobodi,Dvizhenie za prava i svobodi (DPS),2006,2012,,,,,2015-05-04T12:08:41Z,2017-06-15T16:04:22Z,9336,982
BGR,ess,1390,,Grazhdansko obedinenie za realna demokratsia (S.Binev),Grazhdansko obedinenie za realna demokratsia (S.Binev),2012,2012,,,,,2015-05-04T12:08:57Z,2017-06-15T16:04:33Z,9730,5408
BGR,ess,1272,BSP,Koalitziia za Balgariia,Koalitziia za Balgariia/Koalitsia za Balgaria (BSP; PBS; Zemedelski saiuz) Al. Stamb,2008,2010,,,,,2015-05-04T12:09:10Z,2017-06-15T16:04:19Z,9998,1665
BGR,ess,1213,,Druga partia/koalitsia,Other,2006,2012,,,,,2015-05-04T12:08:57Z,2017-06-15T16:04:14Z,9729,1835
BGR,ess,1476,,Partia „Dvizhenie Bulgaria na grazhdanite” (M.Kuneva),Partia „Dvizhenie Bulgaria na grazhdanite” (M.Kuneva),2012,2012,,,,,2015-05-04T12:08:39Z,2017-06-15T16:04:09Z,9283,2058
BGR,ess,1822,PLAM,Partia na liberalnata alternative i mira,Partia na liberalnata alternative i mira (PLAM),2010,2010,,,,,2015-05-04T12:09:04Z,2017-06-15T16:04:03Z,9889,5406
BGR,ess,1332,PP,Natsionalen front za dpasenie na Bulgaria,PP Natsionalen front za dpasenie na Bulgaria,2012,2012,,,,,2015-05-04T12:08:58Z,2017-06-15T16:04:04Z,9750,2057
BGR,ess,1572,PP,Natsionalno dvijenie za spasenie na Otechestvoto,PP Natsionalno dvijenie za spasenie na Otechestvoto,2010,2010,,,,,2015-05-04T12:08:37Z,2017-06-15T16:04:40Z,9217,1765
BGR,ess,1184,PP,Partia za horata ot naroda,PP Partia za horata ot naroda,2012,2012,,,,,2015-05-04T12:08:51Z,2017-06-15T16:04:37Z,9563,2634
BGR,ess,1322,SDS,Sayuz na demokratichnite sili,Sayuz na demokratichnite sili (SDS),2006,2012,,,,,2015-05-04T12:08:44Z,2017-06-15T16:04:44Z,9423,482
BGR,ess,1366,,Sayuz na patriotichnite sili „Zashtita”,Sayuz na patriotichnite sili „Zashtita”,2010,2012,,,,,2015-05-04T12:08:53Z,2017-06-15T16:04:28Z,9602,5451
HRV,ess,1712,HDZ,Hrvatska demokrtska zajednica /Hrvatska demokratska zajednica,,2008,2010,,,,,2015-05-04T12:08:43Z,2017-06-15T16:03:57Z,9394,1431
HRV,ess,1118,HNS,Hrvatska narodna stranka - Liberalni demokrati,,2008,2010,,,,,2015-05-04T12:09:00Z,2017-06-15T16:04:28Z,9792,1395
HRV,ess,1421,HSS,Hrvatska seljacka stranka,,2008,2010,,,,,2015-05-04T12:08:46Z,2017-06-15T16:04:28Z,9464,72
HRV,ess,1157,HSP,Hrvatska stranka prava,,2008,2010,,,,,2015-05-04T12:08:53Z,2017-06-15T16:04:05Z,9628,253
HRV,ess,1151,HSU,Hrvatska stranka umirovljenika,,2008,2010,,,,,2015-05-04T12:08:58Z,2017-06-15T16:04:33Z,9736,2062
HRV,ess,1603,HDSSB,Hrvatski demokratski savez Slavonije i Baranje,,2008,2010,,,,,2015-05-04T12:08:38Z,2017-06-15T16:04:19Z,9236,2347
HRV,ess,1881,HSLS,Hrvatsko socijalno-liberalna stranka,,2008,2010,,,,,2015-05-04T12:08:41Z,2017-06-15T16:04:36Z,9319,214
HRV,ess,1385,IDS,Istarski demokrtski sabor /Istarski demokratski sabor,,2008,2010,,,,,2015-05-04T12:08:44Z,2017-06-15T16:04:23Z,9416,513
HRV,ess,1719,SDSS,Samostalna demokratska Srpska stranka,,2008,2010,,,,,2015-05-04T12:09:00Z,2017-06-15T16:04:20Z,9798,2348
HRV,ess,1019,SDP,Socijaldemokratska partija Hrvatske,,2008,2010,,,,,2015-05-04T12:08:43Z,2017-06-15T16:04:41Z,9385,1475
HRV,ess,1887,,,Other,2008,2010,,,,,2015-05-04T12:08:58Z,2017-06-15T16:04:25Z,9738,2027
CYP,ess,1258,DIKO,,Democratic Party,2006,2012,,,,,2015-05-04T12:08:42Z,2017-06-15T16:04:09Z,9370,635
CYP,ess,1894,DHSY/DISY,,Democratic Rally,2006,2012,,,,,2015-05-04T12:09:08Z,2017-06-15T16:04:09Z,9965,563
CYP,ess,1713,EYROKO/EVROKO,,European Party,2006,2012,,,,,2015-05-04T12:08:54Z,2017-06-15T16:04:10Z,9644,1817
CYP,ess,1662,,,Other,2006,2012,,,,,2015-05-04T12:09:02Z,2017-06-15T16:04:43Z,9832,1837
CYP,ess,1405,AKEL,,Progressive Party of Working People,2006,2012,,,,,2015-05-04T12:08:48Z,2017-06-15T16:04:21Z,9498,1076
CYP,ess,1126,KS-EDEK,,Social Democrats,2006,2012,,,,,2015-05-04T12:09:04Z,2017-06-15T16:03:59Z,9874,1028
CYP,ess,1863,,,The Cyprus Green Party,2006,2012,,,,,2015-05-04T12:08:37Z,2017-06-15T16:04:02Z,9222,858
CYP,ess,1018,EDI,,United Democrats,2006,2010,,,,,2015-05-04T12:09:07Z,2017-06-15T16:04:36Z,9948,321
CZE,ess,1221,TOP09,,,2010,2012,,,,,2015-05-04T12:08:59Z,2017-06-15T16:04:27Z,9763,223
CZE,ess,1261,VV,,,2010,2012,,,,,2015-05-04T12:08:52Z,2017-06-15T16:04:37Z,9585,1202
CZE,ess,1559,,,Association of Independents,2002,2004,,,,,2015-05-04T12:08:46Z,2017-06-15T16:04:42Z,9461,884
CZE,ess,1665,KDU-CSL,,Christian Democratic P.,2002,2010,,,,,2015-05-04T12:08:59Z,2017-06-15T16:04:23Z,9764,676
CZE,ess,1187,ODA,,Civic Democratic Alliance,2002,2004,,,,,2015-05-04T12:09:01Z,2017-06-15T16:04:24Z,9817,1008
CZE,ess,1714,ODS,,Civic Democratic P.,2002,2012,,,,,2015-05-04T12:08:41Z,2017-06-15T16:04:24Z,9334,466
CZE,ess,1338,,,Coalition (Christian Dem.&Freedom Union),2002,2004,,,,,2015-05-04T12:09:00Z,2017-06-15T16:04:19Z,9791,313
CZE,ess,1330,KSCM,,Communist P.of Bohemia&Moravia,2002,2012,,,,,2015-05-04T12:08:55Z,2017-06-15T16:04:14Z,9671,1728
CZE,ess,1241,CSNS,,Czech National Social Party,2002,2004,,,,,2015-05-04T12:08:38Z,2017-06-15T16:04:41Z,9246,3261
CZE,ess,1288,CSSD,,Cz.Social Democratic P.,2002,2012,,,,,2015-05-04T12:08:55Z,2017-06-15T16:04:26Z,9676,177
CZE,ess,1472,US,,Freedom Union,2002,2004,,,,,2015-05-04T12:09:01Z,2017-06-15T16:03:58Z,9818,905
CZE,ess,1117,,Nadeje,Hope,2002,2004,,,,,2015-05-04T12:08:50Z,2017-06-15T16:04:20Z,9539,3262
CZE,ess,1124,,,Other,2002,2012,,,,,2015-05-04T12:08:46Z,2017-06-15T16:04:08Z,9454,1838
CZE,ess,1833,SZJ,,Party for Security in Life,2002,2004,,,,,2015-05-04T12:09:05Z,2017-06-15T16:04:35Z,9890,3264
CZE,ess,1180,SV-SOS,,P.of Countryside-Assoc.Civic Forces,2002,2004,,,,,2015-05-04T12:08:43Z,2017-06-15T16:04:09Z,9384,2656
CZE,ess,1033,SZ,,P.of Greens,2002,2010,,,,,2015-05-04T12:08:45Z,2017-06-15T16:04:02Z,9453,1554
CZE,ess,1312,RMS,,Republicans of Miroslav Sladek,2002,2004,,,,,2015-05-04T12:08:43Z,2017-06-15T16:04:15Z,9396,972
CZE,ess,1501,PB,,Right Block,2002,2004,,,,,2015-05-04T12:08:51Z,2017-06-15T16:04:03Z,9562,904
DNK,ess,1609,,Centrum-Demokraterne,,2002,2006,,,,,2015-05-04T12:08:59Z,2017-06-15T16:03:51Z,9765,800
DNK,ess,1804,,Fremskridtspartiet,,2002,2006,,,,,2015-05-04T12:08:50Z,2017-06-15T16:04:04Z,9538,1601
DNK,ess,1265,,Venstre / Danmarks Liberale Parti,,2002,2012,,,,,2015-05-04T12:08:39Z,2017-06-15T16:04:33Z,9264,1204
DNK,ess,1359,,Kristeligt Folkeparti/Kristendemokraterne,Christian democtrats,2002,2012,,,,,2015-05-04T12:08:48Z,2017-06-15T16:04:22Z,9511,53
DNK,ess,1755,,Det Konservative Folkeparti,Conservative,2002,2012,,,,,2015-05-04T12:09:08Z,2017-06-15T16:04:29Z,9961,536
DNK,ess,1219,,Dansk Folkeparti,Danish peoples party,2002,2012,,,,,2015-05-04T12:09:01Z,2017-06-15T16:03:58Z,9828,1022
DNK,ess,1496,,Socialdemokratiet,Danish Social Democtrats,2002,2012,,,,,2015-05-04T12:08:54Z,2017-06-15T16:04:13Z,9649,379
DNK,ess,1289,,Det Radikale Venstre,Danish Social-Liberal Party,2002,2012,,,,,2015-05-04T12:08:56Z,2017-06-15T16:04:11Z,9703,1507
DNK,ess,1145,,,New alliance / Liberal Alliance,2008,2012,,,,,2015-05-04T12:08:44Z,2017-06-15T16:04:40Z,9402,212
DNK,ess,1004,Andet,Andet,Other,2002,2012,,,,,2015-05-04T12:08:54Z,2017-06-15T16:04:41Z,9646,1858
DNK,ess,1257,SF,Socialistisk Folkeparti,Socialist People's Party,2002,2012,,,,,2015-05-04T12:09:03Z,2017-06-15T16:04:25Z,9846,329
DNK,ess,1324,,Enhedslisten,Unity List - The Red-Green Alliance,2002,2012,,,,,2015-05-04T12:08:55Z,2017-06-15T16:04:20Z,9677,1527
EST,ess,1619,,campaigner,,2008,2008,,,,,2015-05-04T12:09:04Z,2017-06-15T16:04:01Z,9873,3021
EST,ess,1393,,Eesti Iseseisvuspartei,,2010,2012,,,,,2015-05-04T12:08:38Z,2017-06-15T16:04:30Z,9241,
EST,ess,1618,,Eestimaa Ühendatud Vasakpartei,,2012,2012,,,,,2015-05-04T12:08:57Z,2017-06-15T16:03:50Z,9718,
EST,ess,1464,,Eesti Vabaduspartei – Põllumeeste Kogu,,2012,2012,,,,,2015-05-04T12:08:57Z,2017-06-15T16:04:09Z,9716,
EST,ess,2017,,Mitte kellegi poolt,,2010,2010,,,,,2015-05-19T13:22:52Z,2017-06-15T16:04:11Z,10083,
EST,ess,1036,,Eesti Keskerakond,Estonian Centre Party/The Estonian Centre Party,2004,2012,,,,,2015-05-04T12:09:12Z,2017-06-15T16:04:44Z,10036,533
EST,ess,1086,,Erakond Eesti Kristlikud Demokraadid,Estonian Christian Peoples Party/Party of Estonian Christian Democrats,2004,2012,,,,,2015-05-04T12:08:38Z,2017-06-15T16:04:34Z,9258,790
EST,ess,1675,,Erakond Eestimaa Rohelised,Estonian Greens,2008,2012,,,,,2015-05-04T12:08:37Z,2017-06-15T16:04:49Z,9225,1040
EST,ess,1169,,,Estonian Independence Party,2008,2008,,,,,2015-05-04T12:08:52Z,2017-06-15T16:04:09Z,9581,
EST,ess,1417,,,Estonian National Party,2008,2008,,,,,2015-05-04T12:09:05Z,2017-06-15T16:04:15Z,9906,
EST,ess,1074,,Eestimaa Rahvaliit/Eesti Konservatiivne Rahvaerakond endine Rahvaliit,Estonian People's Union/The People's Union of Estonia,2004,2012,,,,,2015-05-04T12:09:01Z,2017-06-15T16:04:12Z,9811,110
EST,ess,1062,,Eesti Reformierakond,Estonian Reform Party,2004,2012,,,,,2015-05-04T12:08:38Z,2017-06-15T16:04:39Z,9237,821
EST,ess,1403,,,Estonian Social-Democratic Labour Party,2004,2004,,,,,2015-05-04T12:09:06Z,2017-06-15T16:04:48Z,9926,869
EST,ess,1817,,Sotsiaaldemokraatlik Erakond,Estonian Social Democratic Party/Estonian Social Democrats/The Social Democratic Party,2004,2012,,,,,2015-05-04T12:09:01Z,2017-06-15T16:04:33Z,9810,1150
EST,ess,1631,,,Estonian United Left Party,2008,2008,,,,,2015-05-04T12:09:03Z,2017-06-15T16:04:42Z,9863,
EST,ess,1869,,,Estonian United People's Party,2004,2004,,,,,2015-05-04T12:08:57Z,2017-06-15T16:04:25Z,9713,
EST,ess,1825,,,Independence Party,2004,2004,,,,,2015-05-04T12:08:41Z,2017-06-15T16:04:11Z,9323,
EST,ess,1637,,Üksikkandidaat/Üksikkandidaadi poolt,Independent candidates,2004,2012,,,,,2015-05-04T12:08:45Z,2017-06-15T16:04:49Z,9433,2567
EST,ess,1222,,,Other,2004,2010,,,,,2015-05-04T12:08:39Z,2017-06-15T16:04:26Z,9284,1840
EST,ess,1181,,Res Publica,Party Res Publica,2004,2006,,,,,2015-05-04T12:09:09Z,2017-06-15T16:04:09Z,9986,491
EST,ess,1874,,Erakond Isamaa ja Res Publica Liit,Pro Patria and Res Publica Union,2008,2012,,,,,2015-05-04T12:08:57Z,2017-06-15T16:04:24Z,9724,685
EST,ess,1402,,,Pro Patria Union,2004,2006,,,,,2015-05-04T12:08:52Z,2017-06-15T16:04:40Z,9589,779
EST,ess,1799,,,Russian Party in Estonia,2004,2008,,,,,2015-05-04T12:09:11Z,2017-06-15T16:04:45Z,10018,1975
FIN,ess,2019,,The Communist Workers' Party of Finland,,2002,2010,,,,,2015-05-19T13:22:49Z,2015-08-05T13:43:12Z,10060,2687
FIN,ess,1691,,,Change 2011,2012,2012,,,,,2015-05-04T12:08:38Z,2017-06-15T16:04:12Z,9252,2687
FIN,ess,1010,,,Christian Democrats,2002,2012,,,,,2015-05-04T12:08:53Z,2017-06-15T16:04:12Z,9624,703
FIN,ess,1346,,,Communist Party of Finland/Communist Party,2002,2012,,,,,2015-05-04T12:08:44Z,2015-08-05T13:43:12Z,9413,1243
FIN,ess,1792,,,Finnish People's Blue-whites,2010,2010,,,,,2015-05-04T12:08:36Z,2015-08-05T13:43:12Z,9200,2687
FIN,ess,1031,,,Finnish Social Democratic Party/Social Democratic Party,2002,2012,,,,,2015-05-04T12:08:45Z,2017-06-15T16:04:12Z,9442,1303
FIN,ess,1226,,,For the Poor,2010,2012,,,,,2015-05-04T12:09:09Z,2017-06-15T16:04:10Z,9981,2687
FIN,ess,1689,,,Freedom Party,2012,2012,,,,,2015-05-04T12:08:58Z,2017-06-15T16:04:05Z,9745,2687
FIN,ess,1555,,,Independence Party,2010,2012,,,,,2015-05-04T12:09:00Z,2017-06-15T16:04:31Z,9785,2687
FIN,ess,1845,,,Joint Responsibility Party,2010,2010,,,,,2015-05-04T12:09:08Z,2017-06-15T16:04:28Z,9971,2687
FIN,ess,1723,,,League for Free Finland,2002,2006,,,,,2015-05-04T12:08:58Z,2017-06-15T16:04:37Z,9754,1259
FIN,ess,1055,,,"Liberals, (The liberal party of Finland)",2002,2010,,,,,2015-05-04T12:08:56Z,2015-08-05T13:43:12Z,9709,249
FIN,ess,1688,,,Natural law party,2002,2006,,,,,2015-05-04T12:08:57Z,2017-06-15T16:04:11Z,9731,2687
FIN,ess,1510,,,Other,2002,2012,,,,,2015-05-04T12:08:51Z,2017-06-15T16:04:18Z,9564,1859
FIN,ess,1493,,,Patriotic People's Movement,2010,2010,,,,,2015-05-04T12:08:49Z,2017-06-15T16:04:48Z,9524,2687
FIN,ess,1185,,,Pirate Party,2012,2012,,,,,2015-05-04T12:08:42Z,2017-06-15T16:04:49Z,9361,3272
FIN,ess,1266,,,Senior Citizens' Party,2012,2012,,,,,2015-05-04T12:08:37Z,2015-08-05T13:43:12Z,9224,2687
FIN,ess,1269,,,The Centre Party,2002,2012,,,,,2015-05-04T12:08:39Z,2015-08-05T13:43:12Z,9267,901
FIN,ess,1143,,,The Communist Workers' Party,2002,2012,,,,,2015-05-04T12:08:53Z,2015-08-05T13:43:12Z,9621,2687
FIN,ess,1903,,,The Green League/Green League,2002,2012,,,,,2015-05-04T12:08:37Z,2015-08-05T13:43:12Z,9209,479
FIN,ess,1247,,,The Left Alliance/Left Alliance,2002,2012,,,,,2015-05-04T12:08:56Z,2015-08-05T13:43:12Z,9707,1044
FIN,ess,1542,,,The National Coalition Party,2002,2012,,,,,2015-05-04T12:08:50Z,2015-08-05T13:43:12Z,9540,495
FIN,ess,1049,SPP,,The Swedish People´s Party,2002,2012,,,,,2015-05-04T12:09:04Z,2015-08-05T13:43:12Z,9888,1229
FIN,ess,1394,,,True Finns,2002,2012,,,,,2015-05-04T12:08:40Z,2017-06-15T16:04:24Z,9302,1689
FIN,ess,1831,,,Workers Party,2010,2012,,,,,2015-05-04T12:09:05Z,2017-06-15T16:04:43Z,9901,2687
FRA,ess,1914,,Autre,,2002,2012,,,,,2015-05-19T13:22:57Z,2017-06-15T16:04:21Z,10125,1898
FRA,ess,2025,,Autres mouvements écologistes,,2002,2012,,,,,2015-05-19T13:23:02Z,2017-06-15T16:04:26Z,10188,1898
FRA,ess,1201,,Blanc,,2006,2012,,,,,2015-05-04T12:08:56Z,2017-06-15T16:04:39Z,9694,3024
FRA,ess,1856,CPNT,"Chasse, Pêche, Nature et Traditions",,2002,2010,,,,,2015-05-04T12:08:43Z,2017-06-15T16:04:28Z,9386,1313
FRA,ess,1963,DL,Démocratie libérale,,2006,2006,,,,,2015-05-19T13:23:01Z,2017-06-15T16:04:31Z,10180,4364
FRA,ess,1191,,Divers droite,,2008,2010,,,,,2015-05-04T12:08:42Z,2017-06-15T16:03:49Z,9346,1776
FRA,ess,1588,,Divers gauche,,2008,2010,,,,,2015-05-04T12:09:05Z,2017-06-15T16:04:03Z,9899,126
FRA,ess,1718,FDG,Front de Gauche,,2012,2012,,,,,2015-05-04T12:08:45Z,2017-06-15T16:04:25Z,9430,4363
FRA,ess,1911,FN,Front National,,2002,2012,,,,,2015-05-19T13:22:57Z,2017-06-15T16:04:36Z,10129,433
FRA,ess,2024,,Les Verts,,2002,2010,,,,,2015-05-19T13:23:02Z,2017-06-15T16:04:47Z,10187,1108
FRA,ess,1750,EELV,Les Verts – Europe Ecologie,,2002,2012,,,,,2015-05-04T12:09:11Z,2017-06-15T16:04:40Z,10025,1108
FRA,ess,1081,LCR,Ligue Communiste Révolutionnaire,,2002,2010,,,,,2015-05-04T12:08:53Z,2017-06-15T16:03:52Z,9600,1506
FRA,ess,1700,LO,Lutte Ouvrière,,2002,2012,,,,,2015-05-04T12:09:01Z,2017-06-15T16:03:50Z,9813,617
FRA,ess,1842,MODEM,Mouvement Démocrate,,2008,2012,,,,,2015-05-04T12:08:59Z,2017-06-15T16:04:48Z,9760,496
FRA,ess,1673,MDC,Mouvement des citoyens,,2002,2006,,,,,2015-05-04T12:08:49Z,2017-06-15T16:04:25Z,9528,3156
FRA,ess,1677,MNR,Mouvement national républicain,,2002,2006,,,,,2015-05-04T12:08:56Z,2017-06-15T16:04:10Z,9690,1634
FRA,ess,1850,MPF,Mouvement pour la France,,2002,2012,,,,,2015-05-04T12:08:38Z,2017-06-15T16:04:26Z,9260,364
FRA,ess,1729,MRC,Mouvement républicain et citoyen,,2004,2008,,,,,2015-05-04T12:08:51Z,2017-06-15T16:04:37Z,9576,3156
FRA,ess,1430,,Nouveau Centre,,2008,2012,,,,,2015-05-04T12:08:38Z,2017-06-15T16:04:06Z,9243,1255
FRA,ess,1606,NPA,Nouveau Parti Anti-Capitaliste,,2010,2012,,,,,2015-05-04T12:08:40Z,2017-06-15T16:04:25Z,9289,2536
FRA,ess,2115,,Nul,,2008,2012,,,,,2015-08-05T12:50:31Z,2017-06-15T16:04:21Z,14315,3024
FRA,ess,2022,PC,Parti Communiste,,2002,2012,,,,,2015-05-19T13:23:01Z,2017-06-15T16:04:30Z,10179,1251
FRA,ess,1770,PG,Parti de Gauche,,2012,2012,,,,,2015-05-04T12:09:06Z,2017-06-15T16:03:49Z,9919,1783
FRA,ess,1040,PRG,Parti Radical de Gauche,,2006,2012,,,,,2015-05-04T12:08:44Z,2017-06-15T16:04:38Z,9410,1783
FRA,ess,1183,PR,Parti Radical Valoisien,,2012,2012,,,,,2015-05-04T12:08:36Z,2017-06-15T16:04:30Z,9195,14
FRA,ess,1404,PS,Parti Socialiste,,2002,2012,,,,,2015-05-04T12:08:55Z,2017-06-15T16:04:27Z,9664,1478
FRA,ess,1514,RPF,Rassemblement du Peuple Français,,2002,2006,,,,,2015-05-04T12:08:44Z,2017-06-15T16:04:32Z,9404,1083
FRA,ess,1935,UMP,Union de la Majorité Présidentielle,,2002,2008,,,,,2015-05-19T13:22:59Z,2017-06-15T16:04:12Z,10148,1595
FRA,ess,1328,UDI,Union des Démocrates Indépendants,,2012,2012,,,,,2015-05-04T12:08:36Z,2017-06-15T16:04:34Z,9203,3229
FRA,ess,1175,UDF,Union pour la démocratie française,,2002,2010,,,,,2015-05-04T12:08:41Z,2017-06-15T16:04:00Z,9340,213
FRA,ess,1854,DL/UMP,Démocratie Libérale/ L’Union,UMP (Union pour la Majorité Présidentielle)/UMP (Union pour un Mouvement Populaire),2002,2012,,,,,2015-05-04T12:08:47Z,2017-06-15T16:04:40Z,9491,1595
DEU,ess,1313,,Piratenpartei,,2012,2012,,,,,2015-05-04T12:08:47Z,2017-06-15T16:04:09Z,9494,1287
DEU,ess,1109,CDU,,Christian Democratic Union (CDU/CSU),2002,2012,,,,,2015-05-04T12:08:55Z,2015-08-05T13:43:13Z,9675,211
DEU,ess,1614,,Bündnis 90/Die Grünen/Bündnis 90\Die Grünen/Bundnis 90/Die Grunen,Green Party (Bündnis 90/Die Grünen),2002,2012,,,,,2015-05-04T12:08:50Z,2015-08-05T13:43:13Z,9551,1816
DEU,ess,1215,FDP,,Liberal Democratic Party (FDP),2002,2012,,,,,2015-05-04T12:08:41Z,2015-08-05T13:43:13Z,9332,573
DEU,ess,1173,NPD,,National Democratic Party/German People's Union (NPD/DVU),2004,2012,,,,,2015-05-04T12:09:09Z,2015-08-05T13:43:13Z,9975,1723
DEU,ess,1765,,Andere Partei,Other,2002,2012,,,,,2015-05-04T12:08:49Z,2017-06-15T16:04:47Z,9519,1895
DEU,ess,1084,PDS,,Party of Democratic Socialism (PDS),2002,2004,,,,,2015-05-04T12:08:58Z,2015-08-05T13:43:14Z,9744,86
DEU,ess,1801,,Republikaner/Die Republikaner,Republican Party (Republikaner),2002,2012,,,,,2015-05-04T12:08:43Z,2015-08-05T13:43:14Z,9387,720
DEU,ess,1511,SPD,,Social Democratic Party (SPD),2002,2012,,,,,2015-05-04T12:08:45Z,2015-08-05T13:43:14Z,9440,383
DEU,ess,1058,PDS,Die Linke\,The Left Party.Party of Democratic Socialism (Linkspartei.PDS)/Die Linke,2006,2012,,,,,2015-05-04T12:09:03Z,2015-08-05T13:43:14Z,9849,1545
GRC,ess,1350,SYRIZA,,Coalition of the Radical Left - SYRIZA/The Coalition of the Radical Left (SYRIZA),2008,2010,,,,,2015-05-04T12:08:55Z,2017-06-15T16:04:03Z,9678,301
GRC,ess,1148,DS,,Democratic Alliance,2010,2010,,,,,2015-05-04T12:08:51Z,2017-06-15T16:03:58Z,9561,1284
GRC,ess,1776,DIMAR,,Democratic Left,2010,2010,,,,,2015-05-04T12:08:51Z,2017-06-15T16:04:08Z,9574,1160
GRC,ess,1612,DIKKI,,Democratic Social Movement,2002,2004,,,,,2015-05-04T12:08:40Z,2017-06-15T16:04:37Z,9299,1682
GRC,ess,1475,,,Golden Dawn (Xrusi Augi),2010,2010,,,,,2015-05-04T12:08:36Z,2017-06-15T16:04:24Z,9206,1660
GRC,ess,1237,SPITHA,,Independent Citizens' Movement,2010,2010,,,,,2015-05-04T12:08:56Z,2017-06-15T16:04:31Z,9692,2710
GRC,ess,1865,,,Invalid,2010,2010,,,,,2015-05-04T12:08:55Z,2017-06-15T16:04:34Z,9679,3029
GRC,ess,1160,LAOS,,LAOS (Popular Orthodox Party)/Popular Orthodox Rally - LAOS/The Popular Orthodox Rally (LAOS),2004,2010,,,,,2015-05-04T12:09:08Z,2017-06-15T16:04:45Z,9955,965
GRC,ess,1566,SYN,,Left Wing Coalition,2002,2004,,,,,2015-05-04T12:09:00Z,2017-06-15T16:04:16Z,9804,516
GRC,ess,1024,ND,New Democracy,New Democracy - ND/New Democracy (ND),2002,2010,,,,,2015-05-04T12:08:44Z,2017-06-15T16:04:29Z,9408,794
GRC,ess,1483,,,No one,2010,2010,,,,,2015-05-04T12:08:50Z,2017-06-15T16:03:53Z,9546,3029
GRC,ess,1218,,,Null,2010,2010,,,,,2015-05-04T12:08:52Z,2017-06-15T16:03:53Z,9594,3029
GRC,ess,1020,,,Other,2002,2008,,,,,2015-05-04T12:08:38Z,2017-06-15T16:04:49Z,9245,1842
GRC,ess,1424,PASOK,Panhellenic Socialist Movement,Panhellenic Socialist Movement – PASOK/The Panhellenic Socialist Movement (PASOK),2002,2010,,,,,2015-05-04T12:08:50Z,2017-06-15T16:04:49Z,9554,1468
GRC,ess,1552,KOTES,,Smokers' Groups for Art and Visual Formation (KOTES),2010,2010,,,,,2015-05-04T12:08:53Z,2017-06-15T16:04:25Z,9622,2710
GRC,ess,1388,ANTARSYA,,The Anticapitalist Left Cooperation for the Overthrow (ANTARSYA),2010,2010,,,,,2015-05-04T12:08:53Z,2017-06-15T16:04:11Z,9618,95
GRC,ess,1649,KKE,Communist party,The Communist Party of Greece,2002,2010,,,,,2015-05-04T12:09:08Z,2017-06-15T16:04:06Z,9969,48
GRC,ess,1450,OP,,The Ecologist Greens,2008,2010,,,,,2015-05-04T12:08:37Z,2017-06-15T16:04:29Z,9234,378
GRC,ess,1347,FS,,The Liberal Alliance (FS),2010,2010,,,,,2015-05-04T12:09:01Z,2017-06-15T16:04:10Z,9826,1130
HUN,ess,1793,ÉLOLÁNC,,,2006,2006,,,,,2015-05-04T12:09:06Z,2017-06-15T16:04:43Z,9924,
HUN,ess,1975,,Centrumpárt,,2006,2006,,,,,2015-05-19T13:22:59Z,2017-06-15T16:04:18Z,10145,1779
HUN,ess,1769,CM,Civil Mozgalom,,2012,2012,,,,,2015-05-04T12:09:09Z,2017-06-15T16:04:02Z,9993,
HUN,ess,1079,DK,Demokratikus Koalíció,,2012,2012,,,,,2015-05-04T12:08:39Z,2017-06-15T16:03:48Z,9265,469
HUN,ess,1245,,"Együtt 2014 Mozgalom Haza és Haladás, Milla, Szolidaritás",,2012,2012,,,,,2015-05-04T12:08:58Z,2017-06-15T16:04:06Z,9735,2458
HUN,ess,1832,MVPP,ÉK ÉS Á PÁ,,2006,2006,,,,,2015-05-04T12:08:41Z,2017-06-15T16:04:35Z,9341,
HUN,ess,1135,MI/MIEP,ÉP//ÉP Magyar Igazság És Élet Pártja,,2006,2012,,,,,2015-05-04T12:08:44Z,2017-06-15T16:04:06Z,9421,1597
HUN,ess,1397,KDNP,Fidesz - /Fidesz - Fidesz – Magyar Polgári Szövetség Kereszténydemokrata Néppárt,,2006,2012,,,,,2015-05-04T12:08:45Z,2017-06-15T16:04:41Z,9431,1691
HUN,ess,1797,,Jobbik Jobbik Magyarországért Mozgalom/Jobbik Magyarországért Mozgalom/Jobbik Magyarorszagert Mozgalom,,2006,2012,,,,,2015-05-04T12:08:57Z,2017-06-15T16:04:41Z,9720,42
HUN,ess,1972,,KDP (KERESZTÉNYDEMOKRATAPÁRT- KERESZTÉNYSZOCIÁLIS CENTRUM ÖSSZEFOGÁS),,2006,2006,,,,,2015-05-19T13:22:53Z,2017-06-15T16:04:31Z,10094,
HUN,ess,1469,LMP,Lehet Mas a Politika / Lehet Más A Politika,,2010,2012,,,,,2015-05-04T12:08:55Z,2017-06-15T16:04:46Z,9662,1650
HUN,ess,2054,MDF,Magyar Demokrata Fórum,,2012,2012,,,,,2015-05-19T13:22:52Z,2017-06-15T16:04:17Z,10086,1697
HUN,ess,1236,MKP,Magyarországi Kisebbségek Pártja,,2006,2006,,,,,2015-05-04T12:08:47Z,2017-06-15T16:04:48Z,9486,
HUN,ess,1512,MRDP,Magyarországi Romák Demokratikus Pártja,,2006,2006,,,,,2015-05-04T12:08:54Z,2017-06-15T16:04:46Z,9653,
HUN,ess,1452,MRÖP,Magyarországi Roma Összefogás Párt,,2006,2006,,,,,2015-05-04T12:09:02Z,2017-06-15T16:03:57Z,9841,
HUN,ess,2029,,Magyarorszagi Szocialdemokrata Part,,2008,2010,,,,,2015-05-19T13:22:52Z,2017-06-15T16:04:47Z,10085,1726
HUN,ess,1318,MSZDP,Magyar Szociáldemokrata Párt,,2012,2012,,,,,2015-05-04T12:08:44Z,2017-06-15T16:04:16Z,9405,1726
HUN,ess,1974,,Munkáspárt,,2006,2006,,,,,2015-05-19T13:23:00Z,2017-06-15T16:04:42Z,10167,859
HUN,ess,1973,,MUNKÁSPÁRT 2006,,2006,2006,,,,,2015-05-19T13:22:48Z,2017-06-15T16:04:27Z,10040,
HUN,ess,1351,4K,Negyedik Köztársaság,,2012,2012,,,,,2015-05-04T12:08:47Z,2017-06-15T16:04:25Z,9487,
HUN,ess,1939,,None of them,,2002,2004,,,,,2015-05-19T13:22:49Z,2017-06-15T16:04:34Z,10063,
HUN,ess,1471,UP,Ny Nyugdíjasok Pártja,,2006,2006,,,,,2015-05-04T12:08:45Z,2017-06-15T16:04:38Z,9445,
HUN,ess,1007,ÖP,Összefogás Párt,,2012,2012,,,,,2015-05-04T12:09:10Z,2017-06-15T16:04:36Z,10006,
HUN,ess,1540,MCF,Roma Összefogás Párt,,2008,2012,,,,,2015-05-04T12:08:53Z,2017-06-15T16:04:21Z,9619,
HUN,ess,1752,SZDP,Szociáldemokrata Párt,,2006,2006,,,,,2015-05-04T12:09:04Z,2017-06-15T16:04:41Z,9881,1726
HUN,ess,1800,SOMOGYÉRT,Szövetség,,2006,2006,,,,,2015-05-04T12:08:40Z,2017-06-15T16:03:49Z,9297,93
HUN,ess,1355,CENTRUMP,Centrumpárt / Centrum Párt Centrum Összefogás Magyarországért,Center Party/Centrum Part,2002,2012,,,,,2015-05-04T12:08:38Z,2017-06-15T16:04:35Z,9250,1779
HUN,ess,1381,,,Didn't go to vote,2006,2008,,,,,2015-05-04T12:08:51Z,2017-06-15T16:04:37Z,9560,3032
HUN,ess,1311,FYD-F/FIDESZ,/ Fidesz Magyar Polgári Párt,Federation of Young Democrats,2002,2012,,,,,2015-05-04T12:09:11Z,2017-06-15T16:04:34Z,10032,1691
HUN,ess,1537,FYD-HDF,,Fed.of Young Democrats&Hungarian Dem.Forum,2002,2004,,,,,2015-05-04T12:09:00Z,2017-06-15T16:03:52Z,9801,
HUN,ess,1178,FFD-F/SZDSZ,/ Szabad Demokraták Szövetsége - A Magyar Liberális Párt,FFD-Free Democrats,2002,2012,,,,,2015-05-04T12:08:49Z,2017-06-15T16:04:01Z,9526,910
HUN,ess,1340,HDF-/MDF,Magyar Demokrata Fórum / Jólét És Szabadság,Hungarian Democratic Forum,2002,2012,,,,,2015-05-04T12:08:57Z,2017-06-15T16:04:26Z,9717,1697
HUN,ess,1655,HSP-H/MSZP,/ Magyar Szocialista Párt,Hungarian Socialist Party,2002,2012,,,,,2015-05-04T12:08:38Z,2017-06-15T16:04:35Z,9261,1408
HUN,ess,1811,HTJP-H/MI,Harmadik Út ÉP - Jobbik Magyarországért/ÉP - Jobbik a Harmadik Út,Hungarian Truth,2002,2008,,,,,2015-05-04T12:08:49Z,2017-06-15T16:04:30Z,9518,
HUN,ess,1543,ISHP-I/FKNP,,ISHP-Independent Small Holders,2002,2006,,,,,2015-05-04T12:09:06Z,2017-06-15T16:04:32Z,9921,1294
HUN,ess,1560,KDNP,/Kereszténydemokrata Párt - Keresztény Centrum Összefogás/ Kereszténydemokrata Néppárt,Keresztenydemokrata Part - Kereszteny Centrum Osszefogas,2006,2012,,,,,2015-05-04T12:08:59Z,2017-06-15T16:04:33Z,9755,1412
HUN,ess,1602,,,Magyar Videk es Polgari Part,2008,2010,,,,,2015-05-04T12:08:41Z,2017-06-15T16:04:05Z,9338,
HUN,ess,1781,,,Other,2002,2012,,,,,2015-05-04T12:08:39Z,2017-06-15T16:04:33Z,9276,1843
HUN,ess,1809,MUNKÁSPÁRT,Munkáspárt Magyar Kommunista Munkáspárt,Workers Party,2002,2012,,,,,2015-05-04T12:08:51Z,2017-06-15T16:04:37Z,9558,859
ISL,ess,1536,,Bjartri framtíð,,2012,2012,,,,,2015-05-04T12:08:52Z,2017-06-15T16:03:55Z,9591,2517
ISL,ess,1461,,Borgarahreyfinguna,,2012,2012,,,,,2015-05-04T12:09:08Z,2017-06-15T16:04:09Z,9954,224
ISL,ess,1661,,Hreyfingunni,,2012,2012,,,,,2015-05-04T12:08:39Z,2017-06-15T16:03:58Z,9268,224
ISL,ess,1022,,Lýðræðishreyfinguna,,2012,2012,,,,,2015-05-04T12:09:10Z,2017-06-15T16:04:23Z,10012,2723
ISL,ess,1771,,Samstöðu,,2012,2012,,,,,2015-05-04T12:08:52Z,2017-06-15T16:04:02Z,9583,2723
ISL,ess,1206,,Sjálfstæðisflokkinn,,2012,2012,,,,,2015-05-04T12:08:46Z,2017-06-15T16:03:55Z,9463,363
ISL,ess,1583,,Skilaði auðu/ógildu,,2012,2012,,,,,2015-05-04T12:09:00Z,2017-06-15T16:04:32Z,9802,3033
ISL,ess,1444,,Vinstri hreyfinguna-Grænt framboð,,2012,2012,,,,,2015-05-04T12:08:54Z,2017-06-15T16:04:23Z,9641,457
ISL,ess,1573,,,Blank vote,2004,2004,,,,,2015-05-04T12:08:48Z,2017-06-15T16:04:10Z,9508,3033
ISL,ess,1530,,,Independence Party,2004,2004,,,,,2015-05-04T12:08:54Z,2017-06-15T16:04:24Z,9640,363
ISL,ess,1146,,Frjálslynda flokkinn,Liberal Party,2004,2012,,,,,2015-05-04T12:08:59Z,2017-06-15T16:04:43Z,9759,1224
ISL,ess,1848,,,Other,2004,2012,,,,,2015-05-04T12:09:07Z,2017-06-15T16:04:35Z,9946,1844
ISL,ess,1599,,Framsóknarflokkinn,Progressive Party,2004,2012,,,,,2015-05-04T12:08:43Z,2017-06-15T16:04:33Z,9391,964
ISL,ess,1392,,Samfylkinguna,Social Democratic Alliance,2004,2012,,,,,2015-05-04T12:08:51Z,2017-06-15T16:04:49Z,9568,1396
ISL,ess,1078,,,The Left Green Movement,2004,2004,,,,,2015-05-04T12:08:48Z,2017-06-15T16:04:11Z,9512,457
IRL,ess,1344,,Fianna Fáil,Fianna Fail,2002,2012,,,,,2015-05-04T12:09:04Z,2017-06-15T16:04:47Z,9868,1055
IRL,ess,1092,,,Fine Gael,2002,2012,,,,,2015-05-04T12:08:57Z,2017-06-15T16:04:09Z,9711,1288
IRL,ess,1038,,,Green Party,2002,2012,,,,,2015-05-04T12:08:50Z,2017-06-15T16:04:03Z,9555,1775
IRL,ess,1321,,,Independent,2002,2012,,,,,2015-05-04T12:08:57Z,2017-06-15T16:03:58Z,9726,2735
IRL,ess,1235,,,Labour,2002,2012,,,,,2015-05-04T12:09:09Z,2017-06-15T16:04:35Z,9984,562
IRL,ess,1140,,,Other,2002,2012,,,,,2015-05-04T12:09:05Z,2017-06-15T16:04:25Z,9896,1885
IRL,ess,1345,,,People Before Profit,2010,2012,,,,,2015-05-04T12:08:41Z,2017-06-15T16:04:20Z,9322,242
IRL,ess,1119,,,Progressive Democrats,2002,2008,,,,,2015-05-04T12:08:53Z,2017-06-15T16:03:55Z,9629,924
IRL,ess,2030,,Sinn Fein,Sinn Fein,2002,2012,,,,,2015-05-19T13:23:03Z,2017-06-15T16:04:27Z,10207,4
IRL,ess,1554,,,Socialist Party,2010,2012,,,,,2015-05-04T12:08:58Z,2017-06-15T16:04:29Z,9733,1343
IRL,ess,1725,,,United Left Alliance,2010,2012,,,,,2015-05-04T12:09:07Z,2017-06-15T16:04:09Z,9950,1978
ISR,ess,1003,,Ale Yarok,,2008,2012,,,,,2015-05-04T12:08:57Z,2017-06-15T16:04:28Z,9712,3129
ISR,ess,1640,,Am ehad,,2002,2002,,,,,2015-05-04T12:08:46Z,2017-06-15T16:04:40Z,9469,640
ISR,ess,1571,,Am Shalem,,2012,2012,,,,,2015-05-04T12:08:52Z,2017-06-15T16:04:24Z,9597,3125
ISR,ess,1861,,Balad,,2002,2012,,,,,2015-05-04T12:08:43Z,2017-06-15T16:04:49Z,9372,1663
ISR,ess,1310,,Hadash,,2002,2012,,,,,2015-05-04T12:08:40Z,2017-06-15T16:04:32Z,9292,421
ISR,ess,1531,,Hadereh hashlishit,,2002,2002,,,,,2015-05-04T12:08:44Z,2017-06-15T16:04:02Z,9420,729
ISR,ess,1810,,Haehud haleumi/Ha'ihud HaLeumi,,2002,2012,,,,,2015-05-04T12:08:58Z,2017-06-15T16:04:42Z,9747,953
ISR,ess,1497,,Haravi Hahadash,,2002,2002,,,,,2015-05-04T12:08:48Z,2017-06-15T16:04:42Z,9513,2739
ISR,ess,1152,,Hatnua,,2012,2012,,,,,2015-05-04T12:08:55Z,2017-06-15T16:04:02Z,9673,3127
ISR,ess,1337,,Hatnua Harabit Hameauhedet,,2002,2002,,,,,2015-05-04T12:08:45Z,2017-06-15T16:04:25Z,9439,1337
ISR,ess,1906,,HaTnu`a HaYeruqa,,2010,2012,,,,,2015-05-04T12:08:52Z,2017-06-15T16:04:10Z,9579,2740
ISR,ess,1577,,HaYerukim,,2008,2012,,,,,2015-05-04T12:08:51Z,2017-06-15T16:03:53Z,9573,3700
ISR,ess,1032,,Hetz,,2008,2008,,,,,2015-05-04T12:09:05Z,2017-06-15T16:04:19Z,9909,2740
ISR,ess,1685,,Kadima,,2008,2012,,,,,2015-05-04T12:08:37Z,2017-06-15T16:04:37Z,9231,484
ISR,ess,1666,,Likud/Ha' Likud,,2002,2012,,,,,2015-05-04T12:09:07Z,2017-06-15T16:04:24Z,9932,1036
ISR,ess,1892,,Meretz,,2002,2012,,,,,2015-05-04T12:08:38Z,2017-06-15T16:04:19Z,9244,3131
ISR,ess,2056,,Mifleget Ha' Avoda,,2012,2012,,,,,2015-05-19T13:22:50Z,2017-06-15T16:04:24Z,10065,1436
ISR,ess,1749,,Pnina Rozenblum,,2002,2002,,,,,2015-05-04T12:08:56Z,2017-06-15T16:03:59Z,9695,3190
ISR,ess,1882,,Ra'am- Ta'al,,2008,2012,,,,,2015-05-04T12:09:00Z,2017-06-15T16:04:27Z,9782,1047
ISR,ess,1868,,Shase/Shas,,2002,2012,,,,,2015-05-04T12:08:46Z,2017-06-15T16:03:53Z,9458,455
ISR,ess,1307,,Shinui,,2002,2008,,,,,2015-05-04T12:08:46Z,2017-06-15T16:04:04Z,9457,557
ISR,ess,1168,,Tzomet,,2002,2002,,,,,2015-05-04T12:09:11Z,2017-06-15T16:04:03Z,10024,745
ISR,ess,1629,,Yesh Atid,,2012,2012,,,,,2015-05-04T12:08:42Z,2017-06-15T16:04:19Z,9354,3128
ISR,ess,1598,,,A white ballot (empty ballot note),2010,2012,,,,,2015-05-04T12:08:42Z,2017-06-15T16:04:35Z,9369,3037
ISR,ess,1805,,,blank ballot,2008,2008,,,,,2015-05-04T12:08:54Z,2017-06-15T16:04:24Z,9637,3037
ISR,ess,1902,,,Did not vote,2008,2012,,,,,2015-05-04T12:08:36Z,2017-06-15T16:04:34Z,9202,3037
ISR,ess,1663,,Israel ahat,Israel ahat,2002,2002,,,,,2015-05-04T12:08:50Z,2017-06-15T16:04:32Z,9549,1314
ISR,ess,1907,,Israel baliya,Israel baliya,2002,2002,,,,,2015-05-04T12:09:08Z,2017-06-15T16:04:32Z,9957,1053
ISR,ess,1423,,Yisrael Beiteinu,Israel byteno/Israel Beiteinu,2002,2012,,,,,2015-05-04T12:08:49Z,2017-06-15T16:04:33Z,9517,235
ISR,ess,1563,,Mafdal,National Religious Party / The Jewish House,2002,2012,,,,,2015-05-04T12:08:38Z,2017-06-15T16:04:30Z,9240,1447
ISR,ess,1009,,,Other,2002,2012,,,,,2015-05-04T12:08:48Z,2017-06-15T16:04:32Z,9505,2541
ISR,ess,1782,,Gimlaim,Pensioners of Israel to the Knesset/Gil- Gimlaey Israeli la' Knesset,2002,2012,,,,,2015-05-04T12:08:51Z,2017-06-15T16:04:12Z,9571,1648
ISR,ess,1478,,,The center party,2002,2002,,,,,2015-05-04T12:08:38Z,2017-06-15T16:04:04Z,9262,1061
ISR,ess,1628,HaAvoda,Mifleget Ha' Avoda,The Israeli Labor Party,2008,2012,,,,,2015-05-04T12:09:07Z,2017-06-15T16:04:24Z,9947,1436
ISR,ess,1846,,"Yahadut-hatora, Agudat-Isarel, Degel-hatora",United Torah Judaism,2002,2012,,,,,2015-05-04T12:08:47Z,2017-06-15T16:04:22Z,9481,1075
ISR,ess,1717,,,White Ballot,2002,2002,,,,,2015-05-04T12:08:54Z,2017-06-15T16:03:55Z,9635,3037
ITA,ess,1263,CCD-CDU,,,2002,2002,,,,,2015-05-04T12:08:36Z,2017-06-15T16:04:14Z,9205,962
ITA,ess,1857,FLI,,,2012,2012,,,,,2015-05-04T12:08:44Z,2017-06-15T16:04:42Z,9412,1179
ITA,ess,1149,SDI,,,2002,2002,,,,,2015-05-04T12:08:45Z,2017-06-15T16:03:59Z,9448,750
ITA,ess,1632,UDC,,,2012,2012,,,,,2015-05-04T12:08:54Z,2017-06-15T16:04:30Z,9631,201
ITA,ess,1443,,Alleanza Nazionale,,2002,2002,,,,,2015-05-04T12:08:59Z,2017-06-15T16:04:07Z,9758,813
ITA,ess,1924,,Altro,,2002,2002,,,,,2015-05-19T13:22:53Z,2017-06-15T16:03:56Z,10092,1896
ITA,ess,1923,,CCD-CDU (Biancofiore),,2002,2002,,,,,2015-05-19T13:22:50Z,2017-06-15T16:04:48Z,10073,962
ITA,ess,1305,,Comunisti Italiani,,2002,2002,,,,,2015-05-04T12:08:39Z,2017-06-15T16:04:34Z,9266,836
ITA,ess,1096,,Democratici di Sinistra,,2002,2002,,,,,2015-05-04T12:08:46Z,2017-06-15T16:04:23Z,9476,878
ITA,ess,1622,,Fiamma Tricolore,,2002,2002,,,,,2015-05-04T12:09:01Z,2017-06-15T16:04:23Z,9816,1101
ITA,ess,1589,,Fratelli d'Italia,,2012,2012,,,,,2015-05-04T12:08:51Z,2017-06-15T16:04:00Z,9570,2280
ITA,ess,1925,,Ha votato solo al maggioritario,,2002,2002,,,,,2015-05-19T13:23:03Z,2017-06-15T16:04:35Z,10202,3038
ITA,ess,1327,,La destra,,2012,2012,,,,,2015-05-04T12:08:59Z,2017-06-15T16:04:11Z,9775,280
ITA,ess,1562,,La Margherita,,2002,2002,,,,,2015-05-04T12:08:46Z,2017-06-15T16:04:27Z,9471,279
ITA,ess,1317,,Lega Nord,,2002,2012,,,,,2015-05-04T12:09:08Z,2017-06-15T16:04:13Z,9973,1221
ITA,ess,1315,,Lista Di Pietro,,2002,2002,,,,,2015-05-04T12:08:44Z,2017-06-15T16:04:49Z,9418,768
ITA,ess,1037,,Movimento 5 Stelle,,2012,2012,,,,,2015-05-04T12:08:39Z,2017-06-15T16:04:49Z,9272,2046
ITA,ess,1534,PSI,Nuovo,,2002,2002,,,,,2015-05-04T12:08:56Z,2017-06-15T16:04:08Z,9691,888
ITA,ess,1167,,Pannella-Bonino,,2002,2002,,,,,2015-05-04T12:08:55Z,2017-06-15T16:04:31Z,9680,2134
ITA,ess,1316,PD,Partido Democratico,,2012,2012,,,,,2015-05-04T12:08:58Z,2017-06-15T16:04:02Z,9751,802
ITA,ess,1828,PDL,Popolo delle Libertà,,2012,2012,,,,,2015-05-04T12:08:53Z,2017-06-15T16:04:10Z,9604,1519
ITA,ess,1835,,Radicali Italiani Amnistia giustizia e libertà,,2012,2012,,,,,2015-05-04T12:09:01Z,2017-06-15T16:04:27Z,9807,1449
ITA,ess,1252,,Rifondazione Comunis,,2002,2002,,,,,2015-05-04T12:09:00Z,2017-06-15T16:04:21Z,9799,1404
ITA,ess,1922,,Rifondazione Comunista,,2002,2002,,,,,2015-05-19T13:23:02Z,2017-06-15T16:04:17Z,10191,1404
ITA,ess,1768,,Rivoluzione Civile Ingroia,,2012,2012,,,,,2015-05-04T12:08:40Z,2017-06-15T16:04:17Z,9304,2277
ITA,ess,1753,,Scelta Civica con Monti,,2012,2012,,,,,2015-05-04T12:09:06Z,2017-06-15T16:04:20Z,9927,2281
ITA,ess,1823,SEL,Sinistra Ecologia e Libertà,,2012,2012,,,,,2015-05-04T12:08:37Z,2017-06-15T16:03:48Z,9227,1212
ITA,ess,1054,SVP,Südtirol Volkspartei,,2002,2002,,,,,2015-05-04T12:09:10Z,2017-06-15T16:03:58Z,10014,1369
ITA,ess,1904,,Verdi,,2002,2002,,,,,2015-05-04T12:08:44Z,2017-06-15T16:04:41Z,9407,851
ITA,ess,1920,,Verdi e Sdi (Girasole),,2002,2002,,,,,2015-05-19T13:22:59Z,2017-06-15T16:04:50Z,10155,1782
ITA,ess,1353,,Democrazia Europea,Democrazia Europea,2002,2002,,,,,2015-05-04T12:08:46Z,2017-06-15T16:04:38Z,9460,1327
ITA,ess,1326,FARE,FARE - Giannino,FARE - Giannino,2012,2012,,,,,2015-05-04T12:09:10Z,2017-06-15T16:03:48Z,10003,2279
ITA,ess,1682,,Forza Italia,Forza Italia,2002,2002,,,,,2015-05-04T12:08:39Z,2017-06-15T16:04:20Z,9270,1626
XKX,ess,1870,AKR,Aleanca Kosova e Re,,2012,2012,,,,,2015-05-04T12:09:05Z,2017-06-15T16:04:24Z,9905,3703
XKX,ess,1576,AAK,Aleanca për Ardhmërinë e Kosovës,,2012,2012,,,,,2015-05-04T12:08:42Z,2017-06-15T16:04:32Z,9365,3243
XKX,ess,2060,DS,Demokratska Stranka,,2012,2012,,,,,2015-05-19T13:23:03Z,2017-06-15T16:04:04Z,10206,
XKX,ess,1298,DSS,Demokratska Stranka Srbije,,2012,2012,,,,,2015-05-04T12:09:04Z,2017-06-15T16:04:23Z,9870,
XKX,ess,1075,VV,Lëvizja Vetëvendosje,,2012,2012,,,,,2015-05-04T12:08:44Z,2017-06-15T16:04:05Z,9411,2296
XKX,ess,1567,LDP,Liberalno Demokratska Partija,,2012,2012,,,,,2015-05-04T12:08:37Z,2017-06-15T16:04:45Z,9229,
XKX,ess,1690,LDK,Lidhja Demokratike e Kosovës,,2012,2012,,,,,2015-05-04T12:09:11Z,2017-06-15T16:04:22Z,10020,2295
XKX,ess,1243,PDK,Partia Demokratike e Kosovës,,2012,2012,,,,,2015-05-04T12:08:41Z,2017-06-15T16:04:19Z,9320,2294
XKX,ess,1196,PD,Partia e Drejtësisë,,2012,2012,,,,,2015-05-04T12:08:37Z,2017-06-15T16:04:35Z,9211,5497
XKX,ess,1432,SPS,Socialisticka Partija Srbije,,2012,2012,,,,,2015-05-04T12:08:42Z,2017-06-15T16:04:29Z,9355,
XKX,ess,1060,SLS,Srpska Liberalna Stranka,,2012,2012,,,,,2015-05-04T12:08:44Z,2017-06-15T16:04:21Z,9422,
XKX,ess,1539,SNS,Srpska Napredna Stranka,,2012,2012,,,,,2015-05-04T12:09:06Z,2017-06-15T16:04:42Z,9925,
XKX,ess,1204,,,Other,2012,2012,,,,,2015-05-04T12:09:07Z,2017-06-15T16:04:35Z,9945,2761
LVA,ess,1580,,New Era,,2008,2008,,,,,2015-05-04T12:09:08Z,2017-06-15T16:04:13Z,9966,1531
LVA,ess,1746,,,Concord Centre,2008,2008,,,,,2015-05-04T12:09:07Z,2017-06-15T16:04:22Z,9937,1056
LVA,ess,1548,LNNK,For Fatherland and Freedom/,For Fatherland and Freedom/,2008,2008,,,,,2015-05-04T12:08:55Z,2017-06-15T16:04:27Z,9670,1704
LVA,ess,1127,,,For Human Rights in a United Latvia,2008,2008,,,,,2015-05-04T12:08:36Z,2017-06-15T16:04:30Z,9201,176
LVA,ess,1739,,,Greens and Farmers Union,2008,2008,,,,,2015-05-04T12:08:37Z,2017-06-15T16:04:38Z,9214,701
LVA,ess,1669,,,Latvia's First party/Latvia's Way,2008,2008,,,,,2015-05-04T12:08:56Z,2017-06-15T16:04:31Z,9708,461
LVA,ess,1639,,,Other,2008,2008,,,,,2015-05-04T12:08:38Z,2017-06-15T16:04:33Z,9254,1848
LVA,ess,1382,,,The People's Party,2008,2008,,,,,2015-05-04T12:08:39Z,2017-06-15T16:04:42Z,9275,1755
LTU,ess,1532,KP,,Christian Party,2012,2012,,,,,2015-05-04T12:08:40Z,2017-06-15T16:03:51Z,9294,
LTU,ess,1358,DDVP,,Democratic Labour and Unity Party,2012,2012,,,,,2015-05-04T12:08:43Z,2017-06-15T16:04:36Z,9375,
LTU,ess,1891,,,Did not vote for a candidate list,2010,2012,,,,,2015-05-04T12:08:56Z,2017-06-15T16:04:45Z,9688,3047
LTU,ess,1623,,,Does not know if voted for a candidate list,2010,2012,,,,,2015-05-04T12:09:07Z,2017-06-15T16:04:46Z,9934,3047
LTU,ess,1900,LLRA,,Electoral Action of Poles in Lithuania,2010,2012,,,,,2015-05-04T12:08:37Z,2017-06-15T16:04:16Z,9220,556
LTU,ess,1232,EP,,Emigrants' Party,2012,2012,,,,,2015-05-04T12:09:00Z,2017-06-15T16:03:51Z,9797,
LTU,ess,1535,TS-LKD,,Homeland Union -- Lithuanian Christian Democrats,2010,2012,,,,,2015-05-04T12:09:03Z,2017-06-15T16:04:39Z,9850,315
LTU,ess,2031,LPP,,Labourist Party,2010,2010,,,,,2015-05-19T13:23:01Z,2017-06-15T16:04:14Z,10177,102
LTU,ess,1303,DP,,Labour Party,2010,2012,,,,,2015-05-04T12:08:36Z,2017-06-15T16:04:32Z,9207,102
LTU,ess,1756,CS,,Liberal and Centre Union,2010,2012,,,,,2015-05-04T12:09:11Z,2017-06-15T16:04:33Z,10023,1193
LTU,ess,1412,LRLS,,Liberals' Movement of the Republic of Lithuania,2010,2012,,,,,2015-05-04T12:09:04Z,2017-06-15T16:04:12Z,9878,1744
LTU,ess,1030,LCP,,Lithuanian Centre Party,2010,2012,,,,,2015-05-04T12:08:58Z,2017-06-15T16:04:42Z,9739,
LTU,ess,1707,LLS,,Lithuanian Freedom Union,2010,2010,,,,,2015-05-04T12:08:55Z,2017-06-15T16:04:22Z,9672,1410
LTU,ess,1365,LVZS,,Lithuanian Peasant and Greens Union,2012,2012,,,,,2015-05-04T12:08:56Z,2017-06-15T16:04:07Z,9702,1490
LTU,ess,1420,LVLS,,Lithuanian Peasant Popular Union,2010,2010,,,,,2015-05-04T12:09:00Z,2017-06-15T16:04:24Z,9796,1490
LTU,ess,1396,LPP,,Lithuanian Pensioners' Party,2012,2012,,,,,2015-05-04T12:09:09Z,2017-06-15T16:04:46Z,9994,
LTU,ess,1368,LZP,,Lithuanian People's Party,2012,2012,,,,,2015-05-04T12:08:58Z,2017-06-15T16:04:32Z,9734,
LTU,ess,1011,UTL,,Lithuanian People's Union 'For the Fair Lithuania',2010,2010,,,,,2015-05-04T12:09:04Z,2017-06-15T16:04:44Z,9875,1409
LTU,ess,1016,LSDP,,Lithuanian Social Democratic Party,2010,2012,,,,,2015-05-04T12:09:11Z,2017-06-15T16:04:47Z,10026,64
LTU,ess,1890,LSDS,,Lithuanian Social Democratic Union,2010,2012,,,,,2015-05-04T12:08:40Z,2017-06-15T16:04:07Z,9316,
LTU,ess,1525,ULL,,National Association 'For Lithuania in Lithuania',2012,2012,,,,,2015-05-04T12:09:05Z,2017-06-15T16:04:35Z,9904,
LTU,ess,1292,TS,,Nationalist Union,2012,2012,,,,,2015-05-04T12:08:40Z,2017-06-15T16:04:35Z,9305,377
LTU,ess,1453,TPLK,,National Party Way of Lithuania,2012,2012,,,,,2015-05-04T12:08:40Z,2017-06-15T16:04:04Z,9308,
LTU,ess,1276,TPP,,National Resurrection Party,2010,2010,,,,,2015-05-04T12:09:02Z,2017-06-15T16:04:48Z,9840,347
LTU,ess,1908,TVS,,National Unity Union,2012,2012,,,,,2015-05-04T12:08:37Z,2017-06-15T16:04:36Z,9233,
LTU,ess,1708,NS,,New Union (Social Liberals),2010,2010,,,,,2015-05-04T12:08:45Z,2017-06-15T16:04:50Z,9436,1800
LTU,ess,1014,,,Other,2010,2012,,,,,2015-05-04T12:08:59Z,2017-06-15T16:04:29Z,9772,1846
LTU,ess,1205,Frontas,,Party 'Front',2010,2010,,,,,2015-05-04T12:08:58Z,2017-06-15T16:04:23Z,9741,1250
LTU,ess,1207,PDP,,Party of Civic Democracy,2010,2010,,,,,2015-05-04T12:08:59Z,2017-06-15T16:04:15Z,9762,105
LTU,ess,1486,TT,,Party Order and Justice,2010,2012,,,,,2015-05-04T12:09:06Z,2017-06-15T16:04:41Z,9923,237
LTU,ess,1499,JL,,Party 'Young Lithuania',2010,2012,,,,,2015-05-04T12:08:46Z,2017-06-15T16:04:45Z,9465,1026
LTU,ess,1498,LS,,Political Party 'List of Lithuania',2012,2012,,,,,2015-05-04T12:09:05Z,2017-06-15T16:04:37Z,9895,
LTU,ess,1502,LZS,,Political Party 'Lithuanian Green Movement',2012,2012,,,,,2015-05-04T12:09:00Z,2017-06-15T16:04:36Z,9790,
LTU,ess,1456,DK,,Political Party 'The Way of Courage',2012,2012,,,,,2015-05-04T12:08:54Z,2017-06-15T16:04:07Z,9648,74
LTU,ess,1745,ST,,Political Party 'Union Yes',2012,2012,,,,,2015-05-04T12:09:09Z,2017-06-15T16:04:01Z,9988,1806
LTU,ess,1821,RP,,Republican Party,2012,2012,,,,,2015-05-04T12:08:46Z,2017-06-15T16:04:24Z,9462,
LTU,ess,1873,SLF,,Socialist People's Front,2012,2012,,,,,2015-05-04T12:08:46Z,2017-06-15T16:04:50Z,9477,
LTU,ess,2032,,The Coalition Labour Party + Youth,The Coalition Labour Party + Youth,2010,2010,,,,,2015-05-19T13:23:03Z,2017-06-15T16:04:19Z,10198,
LTU,ess,1758,KLS,,Union of Fighters for Lithuania,2012,2012,,,,,2015-05-04T12:08:43Z,2017-06-15T16:04:07Z,9397,
LTU,ess,1300,LRS,,Union of Russians of Lithuania,2010,2010,,,,,2015-05-04T12:09:08Z,2017-06-15T16:04:00Z,9953,168
LTU,ess,1069,ZP,,Zemaiciai (Samogitian) Party,2012,2012,,,,,2015-05-04T12:08:43Z,2017-06-15T16:04:07Z,9395,1291
LUX,ess,1565,,Autres,,2002,2004,,,,,2015-05-04T12:08:42Z,2017-06-15T16:04:24Z,9364,1847
LUX,ess,1901,,La Gauche,,2002,2004,,,,,2015-05-04T12:08:37Z,2017-06-15T16:04:15Z,9228,271
LUX,ess,1374,,Les Verts,,2002,2004,,,,,2015-05-04T12:08:44Z,2017-06-15T16:04:20Z,9415,1138
LUX,ess,1156,PD,Parti Démocrate,,2002,2004,,,,,2015-05-04T12:09:02Z,2017-06-15T16:04:39Z,9829,300
LUX,ess,1285,PSOL,Parti Socialiste Ouvrier Luxembourgeois,,2002,2004,,,,,2015-05-04T12:08:38Z,2017-06-15T16:04:21Z,9263,186
LUX,ess,1467,,Comité d'action pour la Démocracie et la Justice Sociale,Comité d'action pour la Démocracie et la Justice Sociale/Comité d'action pour la Démocratie et Justice sociale,2002,2004,,,,,2015-05-04T12:08:49Z,2017-06-15T16:04:25Z,9527,1114
LUX,ess,1437,PCS,Parti Chrétien Social,Parti Chrétien Social,2002,2004,,,,,2015-05-04T12:08:50Z,2017-06-15T16:04:19Z,9544,539
NLD,ess,1818,,50Plus,,2012,2012,,,,,2015-05-04T12:08:58Z,2017-06-15T16:04:05Z,9752,714
NLD,ess,1852,,Blanc,,2004,2012,,,,,2015-05-04T12:09:05Z,2017-06-15T16:04:24Z,9900,3061
NLD,ess,1113,TON,List Verdonk,,2008,2010,,,,,2015-05-04T12:09:07Z,2017-06-15T16:04:00Z,9938,1656
NLD,ess,1386,,,Christian Democratic Party,2002,2012,,,,,2015-05-04T12:09:05Z,2017-06-15T16:04:11Z,9907,1157
NLD,ess,1407,,,Christian Union,2002,2012,,,,,2015-05-04T12:08:57Z,2017-06-15T16:03:59Z,9728,1459
NLD,ess,1862,,,Democrats 66,2002,2012,,,,,2015-05-04T12:08:42Z,2017-06-15T16:04:25Z,9363,45
NLD,ess,1507,,,Europe Transparant,2004,2004,,,,,2015-05-04T12:09:09Z,2017-06-15T16:04:44Z,9974,523
NLD,ess,1601,,,Green Left,2002,2012,,,,,2015-05-04T12:09:00Z,2017-06-15T16:04:40Z,9805,1537
NLD,ess,1515,PVV,List Wilders,Group Geert Wilders,2004,2012,,,,,2015-05-04T12:08:54Z,2017-06-15T16:04:40Z,9632,298
NLD,ess,1466,,,Labour Party,2002,2012,,,,,2015-05-04T12:08:43Z,2017-06-15T16:04:29Z,9379,1234
NLD,ess,1692,,,List Pim Fortuyn,2002,2008,,,,,2015-05-04T12:08:44Z,2017-06-15T16:04:13Z,9419,1528
NLD,ess,1106,,,Liveable Netherlands,2002,2008,,,,,2015-05-04T12:08:53Z,2017-06-15T16:04:45Z,9616,1420
NLD,ess,1824,,,Other,2002,2012,,,,,2015-05-04T12:09:04Z,2017-06-15T16:03:51Z,9880,1850
NLD,ess,1375,,,Party for Freedom and Democracy/People's Party for Freedom and Democracy,2002,2012,,,,,2015-05-04T12:08:45Z,2017-06-15T16:04:13Z,9427,828
NLD,ess,1487,,,Party for the Animals,2004,2012,,,,,2015-05-04T12:08:40Z,2017-06-15T16:04:41Z,9298,1467
NLD,ess,1492,,,Pirate Party,2012,2012,,,,,2015-05-04T12:08:59Z,2017-06-15T16:04:31Z,9774,2841
NLD,ess,1977,,,Socialist Party,2002,2012,,,,,2015-05-19T13:22:57Z,2015-08-05T13:43:21Z,10121,1363
NLD,ess,1570,,,Social Reformed Party / Political Reformed Party,2002,2012,,,,,2015-05-04T12:08:54Z,2017-06-15T16:04:21Z,9634,1178
NLD,ess,1847,,,United Senior People Party,2004,2004,,,,,2015-05-04T12:08:39Z,2017-06-15T16:04:31Z,9282,994
NIR,ess,1125,,Alliance Party,Alliance Party,2002,2012,,,,,2015-05-04T12:09:08Z,2017-06-15T16:04:26Z,9960,945
NIR,ess,1736,,Democratic Unionist Party,Democratic Unionist Party,2002,2012,,,,,2015-05-04T12:08:44Z,2017-06-15T16:03:56Z,9400,667
NIR,ess,1138,,Northern Ireland Unionist Party,Northern Ireland Unionist Party,2002,2012,,,,,2015-05-04T12:09:03Z,2017-06-15T16:04:41Z,9842,2862
NIR,ess,2053,,Other,Other,2002,2012,,,,,2015-05-19T13:22:48Z,2017-06-15T16:04:37Z,10048,2858
NIR,ess,1199,,Progressive Unionist Party,Progressive Unionist Party,2002,2012,,,,,2015-05-04T12:08:37Z,2017-06-15T16:04:44Z,9215,642
NIR,ess,1434,,Sinn Fein,Sinn Fein,2002,2012,,,,,2015-05-04T12:08:46Z,2017-06-15T16:04:18Z,9475,1257
NIR,ess,1751,,Social Democratic and Labour Party,Social Democratic and Labour Party,2002,2012,,,,,2015-05-04T12:08:36Z,2017-06-15T16:04:10Z,9208,266
NIR,ess,1182,,Ulster Unionist Party,Ulster Unionist Party,2002,2012,,,,,2015-05-04T12:09:09Z,2017-06-15T16:04:28Z,9989,1763
NIR,ess,1754,,United Kingdom Unionist Party,United Kingdom Unionist Party,2002,2012,,,,,2015-05-04T12:09:03Z,2017-06-15T16:04:06Z,9843,3705
NIR,ess,1791,,United Unionist Assembly Party,United Unionist Assembly Party,2002,2012,,,,,2015-05-04T12:08:58Z,2017-06-15T16:04:30Z,9742,2862
NIR,ess,1147,,Women's Coalition,Women's Coalition,2002,2012,,,,,2015-05-04T12:09:06Z,2017-06-15T16:03:58Z,9911,427
NIR,ess,1105,,Workers Party,Workers Party,2002,2012,,,,,2015-05-04T12:08:52Z,2017-06-15T16:04:18Z,9595,1103
NOR,ess,1077,SP,,Centre Party,2002,2012,,,,,2015-05-04T12:08:59Z,2017-06-15T16:04:25Z,9773,1072
NOR,ess,1129,KRF,,Christian Democratic Party,2002,2012,,,,,2015-05-04T12:08:56Z,2017-06-15T16:04:29Z,9706,705
NOR,ess,1116,KYST,,Coast Party,2002,2012,,,,,2015-05-04T12:09:03Z,2017-06-15T16:04:44Z,9854,677
NOR,ess,1425,,,Conservative Party,2002,2012,,,,,2015-05-04T12:08:43Z,2017-06-15T16:04:00Z,9376,503
NOR,ess,1630,,,Labour Party,2002,2012,,,,,2015-05-04T12:08:38Z,2017-06-15T16:03:52Z,9238,448
NOR,ess,1814,,,Liberal Party,2002,2012,,,,,2015-05-04T12:09:00Z,2017-06-15T16:04:16Z,9781,1173
NOR,ess,1166,,,Other,2002,2012,,,,,2015-05-04T12:09:10Z,2017-06-15T16:04:42Z,9996,1886
NOR,ess,1059,FRP,,Progress Party,2002,2012,,,,,2015-05-04T12:09:01Z,2017-06-15T16:04:41Z,9812,101
NOR,ess,1678,RV,,Red Electoral Alliance,2002,2008,,,,,2015-05-04T12:09:01Z,2017-06-15T16:04:47Z,9820,44
NOR,ess,1122,SV,,Socialist Left Party,2002,2012,,,,,2015-05-04T12:08:38Z,2017-06-15T16:03:54Z,9249,719
NOR,ess,1154,DT,,The Party Red,2010,2012,,,,,2015-05-04T12:08:55Z,2017-06-15T16:04:10Z,9663,3698
POL,ess,1294,,Akcja Wyborcza Solidarnosc Prawicy,,2002,2004,,,,,2015-05-04T12:09:08Z,2017-06-15T16:04:49Z,9964,863
POL,ess,1076,,Alternatywa Partia Pracy,,2002,2002,,,,,2015-05-04T12:09:07Z,2017-06-15T16:04:40Z,9943,3699
POL,ess,1335,,Alternatywa Ruch Spoleczny,,2002,2004,,,,,2015-05-04T12:08:53Z,2017-06-15T16:04:46Z,9623,
POL,ess,1017,,Centrolewica Rzeczypospolitej Polskiej,,2004,2004,,,,,2015-05-04T12:08:51Z,2017-06-15T16:03:58Z,9577,132
POL,ess,1740,,Centrum,,2004,2006,,,,,2015-05-04T12:08:39Z,2017-06-15T16:04:32Z,9287,2890
POL,ess,1652,,Demokratyczna Partia Lewicy,,2004,2004,,,,,2015-05-04T12:08:36Z,2017-06-15T16:04:36Z,9199,
POL,ess,1411,,Dom Ojczysty,,2006,2006,,,,,2015-05-04T12:09:02Z,2017-06-15T16:04:10Z,9837,988
POL,ess,1179,,Inicjatywa dla Polski,,2004,2004,,,,,2015-05-04T12:08:47Z,2017-06-15T16:04:11Z,9495,1608
POL,ess,1533,,Konfederacja,,2002,2002,,,,,2015-05-04T12:08:59Z,2017-06-15T16:04:36Z,9776,
POL,ess,1764,,Mniejszosc Niemiecka,,2002,2004,,,,,2015-05-04T12:08:53Z,2017-06-15T16:04:31Z,9625,1439
POL,ess,1426,,Narodowe Odrodzenie Polski,,2006,2006,,,,,2015-05-04T12:09:05Z,2017-06-15T16:04:15Z,9897,2890
POL,ess,1944,,Niemiecka Mniejszosc Gornego Slaska,,2002,2004,,,,,2015-05-19T13:22:59Z,2017-06-15T16:04:05Z,10149,1439
POL,ess,1616,,Nowa Lewica,,2004,2004,,,,,2015-05-04T12:09:07Z,2017-06-15T16:03:49Z,9935,2890
POL,ess,1460,KPN,Oboz Patriotyczny,,2004,2004,,,,,2015-05-04T12:08:45Z,2017-06-15T16:04:35Z,9450,1615
POL,ess,1034,,Ogolnopolska Koalicja Obywatelska,,2006,2006,,,,,2015-05-04T12:08:57Z,2017-06-15T16:04:34Z,9722,1117
POL,ess,1721,RP,Partia Inicjatywa,,2006,2006,,,,,2015-05-04T12:08:50Z,2017-06-15T16:04:00Z,9556,
POL,ess,1433,,Partia Ludowo-Demokratyczna,,2002,2004,,,,,2015-05-04T12:08:51Z,2017-06-15T16:04:02Z,9566,
POL,ess,1943,,Platforma Obywatelska,,2002,2004,,,,,2015-05-19T13:23:03Z,2017-06-15T16:04:43Z,10204,1117
POL,ess,1474,,Polska Konfederacja Godnosc i Praca,,2006,2006,,,,,2015-05-04T12:08:54Z,2017-06-15T16:04:26Z,9652,
POL,ess,1331,,Polska Partia Narodowa,,2006,2006,,,,,2015-05-04T12:08:42Z,2017-06-15T16:04:21Z,9357,
POL,ess,1741,,Polska Partia Pracy,,2006,2006,,,,,2015-05-04T12:08:44Z,2017-06-15T16:03:50Z,9414,3699
POL,ess,1391,,Polska Partia Socjalistyczna,,2002,2004,,,,,2015-05-04T12:09:00Z,2017-06-15T16:04:25Z,9783,
POL,ess,1103,,Polska Unia Gospodarcza,,2002,2004,,,,,2015-05-04T12:08:45Z,2017-06-15T16:04:30Z,9428,2890
POL,ess,1459,,Polska Wspolnota Narodowa,,2002,2004,,,,,2015-05-04T12:09:01Z,2017-06-15T16:04:32Z,9815,
POL,ess,1928,,Polskie Stronnictwo Ludowe,,2002,2002,,,,,2015-05-19T13:22:58Z,2017-06-15T16:03:59Z,10130,602
POL,ess,1519,,Ruch Katolicko-Narodowy,,2004,2004,,,,,2015-05-04T12:09:09Z,2017-06-15T16:03:48Z,9977,1666
POL,ess,1334,,Ruch Patriotyczny,,2006,2006,,,,,2015-05-04T12:08:47Z,2017-06-15T16:04:36Z,9490,66
POL,ess,1410,,Ruch Spoleczny,,2002,2004,,,,,2015-05-04T12:08:50Z,2017-06-15T16:04:27Z,9553,
POL,ess,1942,,Samoobrona Rzeczypospolitej Polskiej,,2004,2004,,,,,2015-05-19T13:22:53Z,2017-06-15T16:04:08Z,10089,727
POL,ess,1306,,Sojusz Lewicy Demokratycznej / Unia Pracy,,2002,2004,,,,,2015-05-04T12:08:40Z,2017-06-15T16:04:24Z,9291,57
POL,ess,1527,SD,Stronnictwo Demokratyczne,,2002,2002,,,,,2015-05-04T12:08:45Z,2017-06-15T16:04:21Z,9432,919
POL,ess,1027,,Stronnictwo Konserwatywno-Ludowe-Ruch Nowej Polski,,2002,2002,,,,,2015-05-04T12:08:37Z,2017-06-15T16:04:25Z,9218,
POL,ess,1267,UW,Unia Wolnosci-/Unia Wolnosci,,2002,2004,,,,,2015-05-04T12:09:02Z,2017-06-15T16:04:28Z,9839,1566
POL,ess,1162,ZC,Zjednoczenie Chrzescijansko-Narodowe,,2002,2004,,,,,2015-05-04T12:08:40Z,2017-06-15T16:04:34Z,9313,70
POL,ess,1893,RP,Platforma Obywatelska Rzeczypospolitej Polskiej,Civic Platform,2002,2012,,,,,2015-05-04T12:09:05Z,2017-06-15T16:04:33Z,9910,1117
POL,ess,1134,,Platforma Janusza Korwin-Mikke,Congress of the New Right,2006,2012,,,,,2015-05-04T12:09:09Z,2017-06-15T16:04:40Z,9979,913
POL,ess,1517,SLD,Sojusz Lewicy Demokratycznej,Democratic Left Alliance,2002,2012,,,,,2015-05-04T12:08:36Z,2017-06-15T16:04:40Z,9197,57
POL,ess,2034,,demokraci.pl,Democratic Party,2006,2010,,,,,2015-05-19T13:22:56Z,2017-06-15T16:03:57Z,10118,1566
POL,ess,1343,UP,Unia Pracy,Labour Union,2002,2010,,,,,2015-05-04T12:08:44Z,2017-06-15T16:04:03Z,9426,1104
POL,ess,1794,,Prawo i Sprawiedliwosc,Law and Justice,2002,2012,,,,,2015-05-04T12:09:11Z,2017-06-15T16:04:22Z,10035,1565
POL,ess,1376,,Liga Polskich Rodzin,League of Polish Families,2002,2010,,,,,2015-05-04T12:09:11Z,2017-06-15T16:04:05Z,10016,1768
POL,ess,1259,,,Left and Democrats,2008,2010,,,,,2015-05-04T12:08:48Z,2017-06-15T16:04:08Z,9510,1588
POL,ess,1439,,Krajowa Partia Emerytow i Rencistow,National Party of Retirees and Pensioners,2002,2010,,,,,2015-05-04T12:08:49Z,2017-06-15T16:04:30Z,9529,391
POL,ess,1413,,,Other,2002,2012,,,,,2015-05-04T12:08:43Z,2017-06-15T16:03:59Z,9374,1852
POL,ess,1896,,,Palikot Movement,2012,2012,,,,,2015-05-04T12:08:40Z,2017-06-15T16:04:31Z,9300,731
POL,ess,1171,,,Poland Comes First,2012,2012,,,,,2015-05-04T12:08:53Z,2017-06-15T16:04:43Z,9614,41
POL,ess,1867,,,Polish Labour Party,2008,2012,,,,,2015-05-04T12:09:03Z,2017-06-15T16:03:57Z,9862,3699
POL,ess,1733,PSL,Polskie Stronnictwo Ludowe,Polish Peasants Party,2002,2012,,,,,2015-05-04T12:08:54Z,2017-06-15T16:04:23Z,9656,602
POL,ess,1015,UPR,Unia Polityki Realnej,Real Politics Union,2002,2010,,,,,2015-05-04T12:08:53Z,2017-06-15T16:04:43Z,9607,283
POL,ess,1775,,,Right of the Republic,2010,2010,,,,,2015-05-04T12:08:42Z,2017-06-15T16:04:24Z,9349,876
POL,ess,1875,RP,Samoobrona Rzeczypospolitej Polskiej,Self-defence,2002,2010,,,,,2015-05-04T12:09:11Z,2017-06-15T16:04:05Z,10021,727
POL,ess,1624,,Socjaldemokracja Polska,Social Democratic Party of Poland,2004,2010,,,,,2015-05-04T12:08:38Z,2017-06-15T16:04:01Z,9255,1328
POL,ess,1342,,,United Poland,2012,2012,,,,,2015-05-04T12:09:00Z,2017-06-15T16:04:13Z,9795,328
PRT,ess,1693,BE,Bloco de Esquerda,,2002,2012,,,,,2015-05-04T12:08:37Z,2017-06-15T16:04:38Z,9213,1310
PRT,ess,1878,CDU,Coligação Democrática Unitária,,2010,2012,,,,,2015-05-04T12:08:41Z,2017-06-15T16:04:06Z,9326,284
PRT,ess,1806,MPT,Movimento Partido da Terra,,2002,2004,,,,,2015-05-04T12:09:03Z,2017-06-15T16:04:32Z,9864,3226
PRT,ess,1513,PCTP-MRPP,Partido Comunista dos Trabalhadores Po / Movimento Reorganizativo do Proletariado Português,,2002,2012,,,,,2015-05-04T12:09:08Z,2017-06-15T16:04:41Z,9970,857
PRT,ess,1190,PCP-PEV,Partido Comunista Português,,2004,2004,,,,,2015-05-04T12:08:58Z,2017-06-15T16:04:23Z,9737,310
PRT,ess,1505,PCP,Partido Comunista Português / Partido Ecolo,,2002,2008,,,,,2015-05-04T12:08:36Z,2015-08-05T13:43:25Z,9198,310
PRT,ess,1697,PDA,Partido Democrático do Atlântico,,2006,2012,,,,,2015-05-04T12:09:05Z,2017-06-15T16:04:20Z,9894,2893
PRT,ess,1610,PH,Partido Humanista,,2006,2012,,,,,2015-05-04T12:08:38Z,2017-06-15T16:04:29Z,9242,2893
PRT,ess,1668,PH,Partido Humanista,,2002,2004,,,,,2015-05-04T12:08:56Z,2017-06-15T16:04:35Z,9698,2893
PRT,ess,1509,PNR,Partido Nacional Renovador,,2002,2012,,,,,2015-05-04T12:09:04Z,2017-06-15T16:04:26Z,9887,2893
PRT,ess,1278,POUS,Partido Operário de Unidade Socialista,,2002,2012,,,,,2015-05-04T12:09:07Z,2017-06-15T16:04:36Z,9939,1106
PRT,ess,1731,PS,Partido Socialista,,2002,2012,,,,,2015-05-04T12:08:43Z,2017-06-15T16:04:31Z,9382,655
PRT,ess,1621,nulo,Votou em branco,,2006,2012,,,,,2015-05-04T12:08:40Z,2015-08-05T13:43:25Z,9312,3074
PRT,ess,1726,CDS-PP,Centro Democrático Social -- Partido Popular,CDS/PP - Centro Democrático Social / Partido Popular/CDS/PP - Centro Democrático Social/Partido Popular/Centro Democrático Social - Partido Popular (CDS-PP),2002,2012,,,,,2015-05-04T12:08:54Z,2017-06-15T16:04:28Z,9647,1308
PRT,ess,1268,,Outro,Other,2002,2012,,,,,2015-05-04T12:09:09Z,2017-06-15T16:04:29Z,9992,1853
PRT,ess,1098,PND,Partido da Nova Democracia,Partido da Nova Democracia/Nova democracia,2006,2012,,,,,2015-05-04T12:08:47Z,2017-06-15T16:04:18Z,9496,1095
PRT,ess,1578,PEV,Partido Ecologista os Verdes,Partido Ecologista os Verdes,2004,2004,,,,,2015-05-04T12:09:02Z,2017-06-15T16:03:48Z,9835,886
PRT,ess,1520,PPM,Partido Popular Monárquico,Partido Popular Monárquico,2002,2004,,,,,2015-05-04T12:08:45Z,2017-06-15T16:04:33Z,9449,1480
PRT,ess,1786,PSD,Partido Social Democrata,Partido Social Democrata,2002,2012,,,,,2015-05-04T12:08:43Z,2017-06-15T16:04:03Z,9390,1359
ROU,ess,1449,PC,,,2008,2008,,,,,2015-05-04T12:09:05Z,2017-06-15T16:04:41Z,9891,1443
ROU,ess,1102,PD-L,,,2008,2008,,,,,2015-05-04T12:08:47Z,2017-06-15T16:04:21Z,9484,660
ROU,ess,1304,PIN,,,2008,2008,,,,,2015-05-04T12:09:07Z,2017-06-15T16:04:18Z,9931,1579
ROU,ess,1636,PNG-CD,,,2008,2008,,,,,2015-05-04T12:09:00Z,2017-06-15T16:04:42Z,9784,296
ROU,ess,1192,PNL,,,2008,2008,,,,,2015-05-04T12:08:53Z,2017-06-15T16:04:28Z,9615,481
ROU,ess,1757,PPCD,,,2008,2008,,,,,2015-05-04T12:09:03Z,2017-06-15T16:04:21Z,9866,1750
ROU,ess,1529,PRM,,,2008,2008,,,,,2015-05-04T12:09:02Z,2017-06-15T16:03:57Z,9836,1305
ROU,ess,1795,PSD,,,2008,2008,,,,,2015-05-04T12:08:54Z,2017-06-15T16:04:03Z,9654,120
ROU,ess,1840,UDMR,,,2008,2008,,,,,2015-05-04T12:09:03Z,2017-06-15T16:04:30Z,9865,1105
ROU,ess,1085,PSD-PC,Alianta,,2008,2008,,,,,2015-05-04T12:08:53Z,2017-06-15T16:04:47Z,9610,215
ROU,ess,1047,FDGR,Other: FDGR,,2008,2008,,,,,2015-05-04T12:08:39Z,2017-06-15T16:04:44Z,9281,291
ROU,ess,2009,PIN,Other: PIN,,2008,2008,,,,,2015-05-19T13:22:56Z,2017-06-15T16:04:16Z,10117,1854
ROU,ess,1021,PR,Other: PR,,2008,2008,,,,,2015-05-04T12:09:10Z,2017-06-15T16:04:02Z,10001,2534
ROU,ess,2008,,PNTCD,,2008,2008,,,,,2015-05-19T13:22:57Z,2017-06-15T16:04:42Z,10120,1750
RUS,ess,1549,,Edinenie,,2006,2006,,,,,2015-05-04T12:08:45Z,2017-06-15T16:04:11Z,9443,2242
RUS,ess,1414,,Rodina,,2006,2006,,,,,2015-05-04T12:09:01Z,2017-06-15T16:04:47Z,9814,2246
RUS,ess,1454,,Solidarity Solidarnost,,2010,2010,,,,,2015-05-04T12:08:38Z,2017-06-15T16:04:43Z,9256,
RUS,ess,1231,,Yabloko,,2006,2012,,,,,2015-05-04T12:08:47Z,2017-06-15T16:04:08Z,9488,2252
RUS,ess,1590,,,Against all,2006,2006,,,,,2015-05-04T12:08:50Z,2017-06-15T16:04:21Z,9536,
RUS,ess,1172,APR,,Agrarian Party of Russia,2010,2010,,,,,2015-05-04T12:09:08Z,2017-06-15T16:04:21Z,9959,2235
RUS,ess,1008,APR,,Agrarian Party of Russia,2006,2010,,,,,2015-05-04T12:09:06Z,2017-06-15T16:04:29Z,9922,2235
RUS,ess,1607,,,Civic platform,2012,2012,,,,,2015-05-04T12:08:50Z,2017-06-15T16:03:51Z,9535,
RUS,ess,1866,KRPK,,Coalition for Russia without despotism and corruption,2010,2010,,,,,2015-05-04T12:08:37Z,2017-06-15T16:04:31Z,9223,
RUS,ess,1048,KPRF,,Communist Party of the Russian Federation,2006,2012,,,,,2015-05-04T12:08:47Z,2017-06-15T16:04:27Z,9480,2236
RUS,ess,1634,,,Democratic party of Russia,2006,2006,,,,,2015-05-04T12:09:05Z,2017-06-15T16:04:40Z,9892,
RUS,ess,1042,SR,,Fair Russia,2006,2012,,,,,2015-05-04T12:08:48Z,2017-06-15T16:04:24Z,9502,2244
RUS,ess,1341,,,Free Russia,2006,2006,,,,,2015-05-04T12:08:50Z,2017-06-15T16:04:01Z,9545,2256
RUS,ess,1884,,,Green Party,2006,2008,,,,,2015-05-04T12:08:56Z,2017-06-15T16:04:00Z,9701,
RUS,ess,1657,,,Just Cause,2012,2012,,,,,2015-05-04T12:09:06Z,2017-06-15T16:04:08Z,9920,2244
RUS,ess,1319,LDPR,,Liberal Democratic Party of Russia,2006,2012,,,,,2015-05-04T12:08:41Z,2017-06-15T16:04:42Z,9325,2245
RUS,ess,1604,,,Nash Vybor - Our choice,2006,2006,,,,,2015-05-04T12:08:44Z,2017-06-15T16:04:08Z,9406,
RUS,ess,1839,,,Party of Revival of Russia - Russian Party of Life,2006,2008,,,,,2015-05-04T12:08:41Z,2015-08-05T13:43:26Z,9328,
RUS,ess,1329,,,Party of the development of entrepreneurship,2006,2006,,,,,2015-05-04T12:09:07Z,2017-06-15T16:04:03Z,9928,
RUS,ess,1214,,,Patriots of Russia,2012,2012,,,,,2015-05-04T12:09:09Z,2017-06-15T16:04:20Z,9980,
RUS,ess,1281,PR,,Patriots of Russia,2010,2010,,,,,2015-05-04T12:09:03Z,2017-06-15T16:04:43Z,9851,
RUS,ess,1605,,,People-republican party of Russia,2006,2006,,,,,2015-05-04T12:08:44Z,2017-06-15T16:04:43Z,9417,
RUS,ess,1738,RF,,People's Party of RF,2006,2006,,,,,2015-05-04T12:08:48Z,2017-06-15T16:03:58Z,9504,
RUS,ess,1489,,,Real Patriots of Russia,2006,2006,,,,,2015-05-04T12:08:49Z,2017-06-15T16:04:13Z,9521,
RUS,ess,1742,,,Republican party of Russian-Party of people's freedom,2012,2012,,,,,2015-05-04T12:09:00Z,2017-06-15T16:04:26Z,9788,2248
RUS,ess,1208,PD,,Right Cause,2010,2010,,,,,2015-05-04T12:08:48Z,2017-06-15T16:04:33Z,9507,
RUS,ess,1451,,,Russian party of pensioners and party of social justice,2006,2006,,,,,2015-05-04T12:09:07Z,2017-06-15T16:03:54Z,9940,
RUS,ess,1044,SPS,,Union of Right Forces,2006,2010,,,,,2015-05-04T12:08:42Z,2017-06-15T16:04:02Z,9345,2255
RUS,ess,1220,ER,,United Russia,2006,2012,,,,,2015-05-04T12:08:39Z,2017-06-15T16:04:39Z,9286,2256
RUS,ess,1349,,,Youth party of Revival,2006,2006,,,,,2015-05-04T12:08:59Z,2017-06-15T16:04:18Z,9767,
SVK,ess,1189,,Most-Híd,,2010,2012,,,,,2015-05-04T12:08:43Z,2017-06-15T16:04:43Z,9388,258
SVK,ess,1239,KDH,,Christian Democratic Movement,2004,2012,,,,,2015-05-04T12:08:58Z,2017-06-15T16:04:37Z,9743,63
SVK,ess,1225,KSS,,Communist Party of Slovakia,2004,2004,,,,,2015-05-04T12:08:59Z,2017-06-15T16:04:06Z,9756,340
SVK,ess,1379,,,Freedom and Solidarity,2010,2012,,,,,2015-05-04T12:09:00Z,2017-06-15T16:04:20Z,9793,1386
SVK,ess,1706,HZDS,,Movement for a Democratic Slovakia,2004,2008,,,,,2015-05-04T12:09:02Z,2017-06-15T16:04:31Z,9830,560
SVK,ess,1642,ANO,,New Citizen's Alliance,2004,2004,,,,,2015-05-04T12:08:50Z,2017-06-15T16:04:07Z,9552,217
SVK,ess,1647,OL,,Ordinary People and Independent Personalities,2012,2012,,,,,2015-05-04T12:08:56Z,2017-06-15T16:03:49Z,9699,2130
SVK,ess,1480,,,Other,2004,2012,,,,,2015-05-04T12:09:00Z,2017-06-15T16:03:47Z,9789,1855
SVK,ess,1620,SMK,,Party of Hungarian Coalition,2004,2008,,,,,2015-05-04T12:09:01Z,2017-06-15T16:04:02Z,9819,349
SVK,ess,1399,SDKU,,Slovak Democratic Christian Union,2004,2012,,,,,2015-05-04T12:08:52Z,2015-08-05T13:43:26Z,9587,1617
SVK,ess,1290,SNS,,Slovak National Party,2006,2010,,,,,2015-05-04T12:09:04Z,2017-06-15T16:04:29Z,9872,730
SVK,ess,1121,SMER/SMER-S,,Social Democracy,2004,2012,,,,,2015-05-04T12:08:41Z,2017-06-15T16:04:35Z,9324,311
SVN,ess,1788,DL,,Civic List,2012,2012,,,,,2015-05-04T12:08:49Z,2017-06-15T16:04:17Z,9532,98
SVN,ess,1796,DESUS,,Democratic Party of Pensioners of Slovenia,2002,2012,,,,,2015-05-04T12:08:57Z,2017-06-15T16:04:18Z,9723,467
SVN,ess,1400,LDS,,Liberal Democracy of Slovenia,2002,2012,,,,,2015-05-04T12:08:52Z,2017-06-15T16:04:28Z,9580,975
SVN,ess,2186,LIPA,,LIPA Party,2008,2010,,,,,2015-08-05T12:50:33Z,2015-08-05T13:43:27Z,14316,881
SVN,ess,1352,ZARES,,New Politics,2008,2012,,,,,2015-05-04T12:08:55Z,2017-06-15T16:04:27Z,9657,474
SVN,ess,1186,NS,,New Slovenia -- Christian People's Party,2002,2012,,,,,2015-05-04T12:08:42Z,2017-06-15T16:04:32Z,9367,1618
SVN,ess,1277,,,Other,2002,2012,,,,,2015-05-04T12:09:08Z,2017-06-15T16:04:42Z,9972,1856
SVN,ess,1575,TRS,,Party for Sustainable Development,2012,2012,,,,,2015-05-04T12:08:42Z,2017-06-15T16:04:49Z,9351,1015
SVN,ess,1704,PS,,Positive Slovenia,2012,2012,,,,,2015-05-04T12:08:37Z,2017-06-15T16:04:17Z,9230,1773
SVN,ess,1860,SNS,,Slovene National Party,2002,2012,,,,,2015-05-04T12:08:57Z,2017-06-15T16:04:39Z,9732,96
SVN,ess,1660,SLS,,Slovene People's Party,2002,2012,,,,,2015-05-04T12:08:53Z,2017-06-15T16:04:24Z,9612,764
SVN,ess,1816,SMS,,Slovene Youth Party,2002,2002,,,,,2015-05-04T12:08:42Z,2017-06-15T16:04:25Z,9366,1401
SVN,ess,1470,SDS,,Social Democratic Party of Slovenia,2002,2012,,,,,2015-05-04T12:08:55Z,2017-06-15T16:04:13Z,9659,472
SVN,ess,1131,SD,,Social Democrats,2006,2012,,,,,2015-05-04T12:09:03Z,2017-06-15T16:04:32Z,9859,2275
SVN,ess,1309,ZLSD,,United List of Social Democrats,2002,2004,,,,,2015-05-04T12:09:00Z,2017-06-15T16:04:45Z,9800,1403
ESP,ess,1592,AMAIUR,,,2012,2012,,,,,2015-05-04T12:09:05Z,2017-06-15T16:04:49Z,9898,1671
ESP,ess,1500,,,Blank vote,2004,2010,,,,,2015-05-04T12:08:47Z,2017-06-15T16:04:31Z,9492,3083
ESP,ess,1415,BNG,Bloque Nacionalista Galego,Bloque Nacionalista Galego,2002,2012,,,,,2015-05-04T12:08:44Z,2017-06-15T16:04:41Z,9409,1011
ESP,ess,1777,CHA,Chunta Aragonesista,Chunta Aragonesista,2002,2006,,,,,2015-05-04T12:09:04Z,2017-06-15T16:04:11Z,9883,1564
ESP,ess,1248,CC/CC-PNC,Coalición Canaria /Coalición Canaria-Partido Nacionalista Canario /Coalición Canaria - Nueva Canarias,Coalición Canaria / Partido Nacionalista Canario,2002,2012,,,,,2015-05-04T12:08:54Z,2017-06-15T16:04:30Z,9636,81
ESP,ess,1251,EQUO,Compromís -,Compromís,2012,2012,,,,,2015-05-04T12:09:11Z,2017-06-15T16:04:10Z,10034,5623
ESP,ess,1023,,Convergència i Unió CiU,Convergència i Unió CiU,2002,2012,,,,,2015-05-04T12:09:10Z,2017-06-15T16:03:56Z,10008,139
ESP,ess,1320,ERC,Esquerra Repubicana de Catalunya /Esquerra Republicana de Catalunya,Esquerra Repubicana de Catalunya,2002,2012,,,,,2015-05-04T12:08:37Z,2017-06-15T16:04:19Z,9221,848
ESP,ess,1876,EA,Eusko Alkartasuna,Eusko Alkartasuna,2002,2006,,,,,2015-05-04T12:08:40Z,2017-06-15T16:03:50Z,9303,1324
ESP,ess,1101,,Foro de Ciudadanos,Foro de Ciudadanos,2012,2012,,,,,2015-05-04T12:08:37Z,2017-06-15T16:04:44Z,9226,3217
ESP,ess,1522,,,Geroa Bai,2012,2012,,,,,2015-05-04T12:09:03Z,2017-06-15T16:04:31Z,9856,2538
ESP,ess,1761,ICV,Iniciativa per Catalunya-Verds,Iniciativa per Catalunya-Verds,2002,2006,,,,,2015-05-04T12:08:39Z,2017-06-15T16:04:05Z,9278,1260
ESP,ess,1057,IU,Izquierda Unida,Izquierda Unida,2002,2012,,,,,2015-05-04T12:08:53Z,2017-06-15T16:04:47Z,9620,247
ESP,ess,1398,NA-BAI,Nafarroa-Bai,Nafarroa-Bai,2004,2010,,,,,2015-05-04T12:08:44Z,2017-06-15T16:04:19Z,9424,611
ESP,ess,1418,,Otro,Other,2002,2012,,,,,2015-05-04T12:09:11Z,2017-06-15T16:04:04Z,10029,1839
ESP,ess,1447,PA,Partido Andalucista,Partido Andalucista,2002,2006,,,,,2015-05-04T12:08:53Z,2017-06-15T16:04:09Z,9609,1497
ESP,ess,1593,PNV,Partido Nacionalista Vasco /Partido Nacionalista Basco,Partido Nacionalista Vasco / Partido Nacionalista Basco,2002,2012,,,,,2015-05-04T12:08:59Z,2017-06-15T16:04:43Z,9766,1637
ESP,ess,1490,PP,,Partido Popular,2002,2012,,,,,2015-05-04T12:09:03Z,2017-06-15T16:04:43Z,9860,441
ESP,ess,1748,PSOE,Partido Socialista Obrero Español,Partido Socialista Obrero Español,2002,2012,,,,,2015-05-04T12:08:50Z,2017-06-15T16:04:12Z,9534,1338
ESP,ess,1635,,Spoiled vote,Spoiled vote,2004,2010,,,,,2015-05-04T12:08:55Z,2017-06-15T16:04:43Z,9668,3083
ESP,ess,1779,UP,"Unión Progreso y Democracia yD/Unión, Progreso y Democracia yD","Unión, Progreso y Democracia",2008,2012,,,,,2015-05-04T12:08:53Z,2017-06-15T16:04:25Z,9613,55
ESP,ess,1238,,Votó en blanco,Votó en blanco,2012,2012,,,,,2015-05-04T12:08:45Z,2017-06-15T16:04:21Z,9452,3083
ESP,ess,1596,,Votó nulo,Votó nulo,2012,2012,,,,,2015-05-04T12:08:40Z,2017-06-15T16:04:49Z,9290,3083
SWE,ess,1142,FI,Feministiskt initiativ,,2010,2012,,,,,2015-05-04T12:08:38Z,2017-06-15T16:04:24Z,9247,1240
SWE,ess,1611,,Junilistan,,2010,2010,,,,,2015-05-04T12:08:57Z,2017-06-15T16:04:23Z,9714,1093
SWE,ess,1482,,Liberals/Folkpartiet liberalerna,,2002,2012,,,,,2015-05-04T12:09:09Z,2017-06-15T16:04:14Z,9990,1274
SWE,ess,1641,,Piratpartiet,,2012,2012,,,,,2015-05-04T12:08:44Z,2017-06-15T16:04:48Z,9401,1485
SWE,ess,1836,,Sverigedemokraterna,,2010,2012,,,,,2015-05-04T12:09:02Z,2017-06-15T16:04:23Z,9831,409
SWE,ess,1271,,Centern,Centre party/Centre Party,2002,2012,,,,,2015-05-04T12:09:08Z,2017-06-15T16:03:52Z,9968,199
SWE,ess,1591,,Kristdemokraterna,Christian democrats/Christian Democrats,2002,2012,,,,,2015-05-04T12:08:50Z,2017-06-15T16:04:26Z,9541,651
SWE,ess,1099,,Moderata samlingspartiet,Conservative,2002,2012,,,,,2015-05-04T12:08:53Z,2017-06-15T16:03:56Z,9617,690
SWE,ess,1408,,Miljöpartiet de gröna,Green party/Green Party,2002,2012,,,,,2015-05-04T12:08:41Z,2017-06-15T16:04:38Z,9342,456
SWE,ess,1177,,Vänsterpartiet,Left,2002,2012,,,,,2015-05-04T12:08:43Z,2017-06-15T16:04:42Z,9393,830
SWE,ess,1561,,Annat parti,Other,2002,2012,,,,,2015-05-04T12:08:42Z,2017-06-15T16:04:15Z,9358,1887
SWE,ess,1574,,Socialdemokraterna,Social democrats/Social Democrats,2002,2012,,,,,2015-05-04T12:09:04Z,2017-06-15T16:04:28Z,9876,487
CHE,ess,1045,,,Alliance of the Independents,2002,2004,,,,,2015-05-04T12:08:42Z,2017-06-15T16:03:53Z,9343,1194
CHE,ess,1296,,,Alternative Left,2012,2012,,,,,2015-05-04T12:08:39Z,2017-06-15T16:04:33Z,9285,2939
CHE,ess,1547,,,Blank paper,2008,2012,,,,,2015-05-04T12:08:38Z,2017-06-15T16:04:41Z,9239,3086
CHE,ess,1503,,Christian-democrats,Christian Democrats,2002,2012,,,,,2015-05-04T12:08:47Z,2017-06-15T16:04:26Z,9485,1808
CHE,ess,1006,,Christian-social,Christian Social Party,2002,2012,,,,,2015-05-04T12:08:36Z,2017-06-15T16:04:40Z,9204,1122
CHE,ess,1002,,,Conservative Democratic Party / Bourgois-democratic Party,2010,2012,,,,,2015-05-04T12:08:49Z,2017-06-15T16:04:39Z,9531,1415
CHE,ess,1585,,,Evangelical People’s Party,2002,2012,,,,,2015-05-04T12:08:57Z,2017-06-15T16:04:36Z,9715,1123
CHE,ess,1293,,,Federal Democratic Union,2002,2012,,,,,2015-05-04T12:09:01Z,2017-06-15T16:04:37Z,9825,631
CHE,ess,1270,,Freiheits-Partei,Freiheits-Partei,2002,2006,,,,,2015-05-04T12:08:37Z,2017-06-15T16:04:29Z,9232,1311
CHE,ess,1223,,,Green Liberal Party,2008,2012,,,,,2015-05-04T12:09:11Z,2017-06-15T16:03:50Z,10022,1759
CHE,ess,1242,,,Green Party,2002,2012,,,,,2015-05-04T12:08:41Z,2017-06-15T16:04:27Z,9327,1006
CHE,ess,1727,,,Liberal Party,2002,2010,,,,,2015-05-04T12:09:08Z,2017-06-15T16:04:28Z,9952,444
CHE,ess,1676,,,Mixed vote,2008,2012,,,,,2015-05-04T12:08:48Z,2017-06-15T16:04:36Z,9499,3086
CHE,ess,1063,,,Movement of the Citizens belonging to French-speaking Switzerland,2012,2012,,,,,2015-05-04T12:08:40Z,2017-06-15T16:04:26Z,9306,1270
CHE,ess,1581,,,Others,2002,2012,,,,,2015-05-04T12:08:56Z,2017-06-15T16:04:36Z,9700,1964
CHE,ess,1879,,,Pirate Party Switzerland,2012,2012,,,,,2015-05-04T12:08:56Z,2017-06-15T16:04:11Z,9689,2939
CHE,ess,1889,FDP,The Liberals,Radical Liberals,2010,2012,,,,,2015-05-04T12:08:45Z,2017-06-15T16:04:44Z,9437,1231
CHE,ess,1395,,Radicals,Radicals,2002,2010,,,,,2015-05-04T12:09:06Z,2017-06-15T16:04:25Z,9912,360
CHE,ess,1773,,Social-democrats,Socialist Party,2002,2012,,,,,2015-05-04T12:09:07Z,2017-06-15T16:03:48Z,9949,29
CHE,ess,1250,,,Swiss Democrats,2002,2012,,,,,2015-05-04T12:08:56Z,2017-06-15T16:04:01Z,9705,1819
CHE,ess,1851,,,Swiss Labour Party,2002,2012,,,,,2015-05-04T12:08:52Z,2017-06-15T16:04:42Z,9599,669
CHE,ess,1114,,,Swiss Nationalist Party,2012,2012,,,,,2015-05-04T12:09:02Z,2017-06-15T16:03:59Z,9838,2939
CHE,ess,1228,,,Swiss People's Party,2002,2012,,,,,2015-05-04T12:08:58Z,2017-06-15T16:04:33Z,9740,308
CHE,ess,1144,,Lega dei Ticinesi,Ticino League,2002,2012,,,,,2015-05-04T12:09:10Z,2017-06-15T16:04:49Z,10004,1661
CHE,ess,1336,,,Women's Parties,2002,2006,,,,,2015-05-04T12:08:54Z,2017-06-15T16:04:40Z,9643,1201
TUR,ess,1111,DEHAP-DTH,,,2004,2004,,,,,2015-05-04T12:08:39Z,2017-06-15T16:04:04Z,9280,1355
TUR,ess,1462,AKP,Adalet Kalkinma Partisi,,2004,2008,,,,,2015-05-04T12:09:09Z,2017-06-15T16:04:35Z,9985,306
TUR,ess,1224,ANAP,Anavatan Partisi,,2004,2008,,,,,2015-05-04T12:08:39Z,2017-06-15T16:04:32Z,9269,1190
TUR,ess,1683,BBP,Buyuk Birlik Partisi,,2004,2008,,,,,2015-05-04T12:08:54Z,2017-06-15T16:04:39Z,9650,1330
TUR,ess,1275,CHP,Cumhuriyet Halk Partisi,,2004,2008,,,,,2015-05-04T12:08:58Z,2017-06-15T16:04:33Z,9749,1060
TUR,ess,1211,DSP,Demokratik Sol Parti,,2004,2008,,,,,2015-05-04T12:08:51Z,2017-06-15T16:03:54Z,9567,1740
TUR,ess,1716,DTP,Demokratik Toplum Partisi,,2008,2008,,,,,2015-05-04T12:08:42Z,2017-06-15T16:04:42Z,9360,1606
TUR,ess,1762,DP,Demokrat Parti,,2008,2008,,,,,2015-05-04T12:09:07Z,2017-06-15T16:04:24Z,9929,899
TUR,ess,1664,DYP,Dogru Yol Partisi,,2004,2004,,,,,2015-05-04T12:08:48Z,2017-06-15T16:03:52Z,9497,351
TUR,ess,1438,EMEP,Emek Partisi,,2008,2008,,,,,2015-05-04T12:08:51Z,2017-06-15T16:04:20Z,9578,2958
TUR,ess,1586,GP,Genc Parti,,2004,2004,,,,,2015-05-04T12:08:54Z,2017-06-15T16:04:43Z,9639,159
TUR,ess,1139,IP,Isci Partisi,,2008,2008,,,,,2015-05-04T12:08:38Z,2017-06-15T16:04:30Z,9253,2958
TUR,ess,1643,MHP,Milliyetci Hareket Partisi,,2004,2008,,,,,2015-05-04T12:08:36Z,2017-06-15T16:04:38Z,9196,1610
TUR,ess,1841,ODP,Ozgurluk ve Dayanisma Partisi/Ozgurluk Dayanisma Partisi,,2004,2008,,,,,2015-05-04T12:08:40Z,2017-06-15T16:04:23Z,9307,1622
TUR,ess,1212,SP,Saadet Partisi,,2004,2008,,,,,2015-05-04T12:09:06Z,2017-06-15T16:04:45Z,9915,572
TUR,ess,1012,SHP,Sosyal Demokrat Halkci Parti,,2004,2008,,,,,2015-05-04T12:09:03Z,2017-06-15T16:04:47Z,9847,1253
TUR,ess,1440,TKP,T. Komunist Partisi,,2008,2008,,,,,2015-05-04T12:09:08Z,2017-06-15T16:04:34Z,9962,818
TUR,ess,1883,,,Cast blank/invalid ballot,2004,2004,,,,,2015-05-04T12:08:47Z,2017-06-15T16:04:27Z,9479,3090
TUR,ess,1137,,,Cast invalid vote,2008,2008,,,,,2015-05-04T12:08:37Z,2017-06-15T16:04:15Z,9219,3090
TUR,ess,1043,,,Other,2004,2008,,,,,2015-05-04T12:08:56Z,2017-06-15T16:04:49Z,9687,2955
UKR,ess,1435,,Bloc of Natalya Vitrenko 'Peoples' opposition',,2006,2006,,,,,2015-05-04T12:09:09Z,2017-06-15T16:04:31Z,9991,
UKR,ess,1256,,Bloc of Yulia Tymoshenko,,2006,2006,,,,,2015-05-04T12:08:54Z,2017-06-15T16:04:28Z,9638,2228
UKR,ess,1674,,Bloc 'Our Ukraine'/'People's Self-defense' Yu.Lutsenko,,2006,2010,,,,,2015-05-04T12:09:05Z,2017-06-15T16:04:21Z,9893,2231
UKR,ess,1952,,Communist Party of Ukraine (renew),,2004,2004,,,,,2015-05-19T13:23:00Z,2017-06-15T16:04:33Z,10166,2220
UKR,ess,1954,,Other (WRITE DOWN) ___,,2004,2004,,,,,2015-05-19T13:23:00Z,2017-06-15T16:04:22Z,10169,
UKR,ess,2040,,People's Self-defense' (Yu.Lutsenko),,2010,2010,,,,,2015-05-19T13:22:57Z,2017-06-15T16:04:29Z,10123,
UKR,ess,2041,,Political party 'Our Ukraine' (V.Yuschenko),,2010,2010,,,,,2015-05-19T13:22:55Z,2017-06-15T16:03:48Z,10105,
UKR,ess,1701,,Ukrainian Peoples' bloc of Kostenko and Plyusch,,2006,2006,,,,,2015-05-04T12:09:04Z,2017-06-15T16:04:48Z,9877,
UKR,ess,1709,,,Against all,2006,2010,,,,,2015-05-04T12:08:53Z,2017-06-15T16:04:31Z,9606,
UKR,ess,1441,,,Against All,2004,2004,,,,,2015-05-04T12:08:53Z,2017-06-15T16:04:03Z,9627,
UKR,ess,1141,,,All-Ukrainian Labor Party,2004,2004,,,,,2015-05-04T12:09:07Z,2017-06-15T16:03:55Z,9941,
UKR,ess,1165,,,All-Ukrainian Party 'New Power',2004,2004,,,,,2015-05-04T12:08:45Z,2017-06-15T16:04:27Z,9438,3265
UKR,ess,1627,,,"All Ukrainian Union ""Fatherland""",2012,2012,,,,,2015-05-04T12:08:50Z,2017-06-15T16:04:03Z,9533,3266
UKR,ess,1068,,,"All Ukrainian Union ""Freedom""",2012,2012,,,,,2015-05-04T12:08:42Z,2017-06-15T16:04:34Z,9356,3267
UKR,ess,1595,,,All-Ukrainian union 'Freedom' (O.Tyagnybok),2010,2010,,,,,2015-05-04T12:08:41Z,2017-06-15T16:04:27Z,9330,3267
UKR,ess,1613,,Peoples' bloc of Lytvyn,Block of Lytvyn,2006,2010,,,,,2015-05-04T12:08:53Z,2017-06-15T16:03:54Z,9605,2230
UKR,ess,1013,,,Block of Yulia Tymoshenko,2008,2010,,,,,2015-05-04T12:08:50Z,2017-06-15T16:04:41Z,9547,2228
UKR,ess,1170,,,Block 'Our Ukraine - People's self-defense',2008,2010,,,,,2015-05-04T12:08:57Z,2017-06-15T16:04:30Z,9719,2231
UKR,ess,1280,PORA-PRP,,Civil bloc,2006,2006,,,,,2015-05-04T12:08:38Z,2017-06-15T16:04:28Z,9257,
UKR,ess,1082,,,Communist Party of Ukraine/Communist party of Ukraine,2004,2012,,,,,2015-05-04T12:08:40Z,2017-06-15T16:04:09Z,9296,2220
UKR,ess,1279,,,Communist Party of Workers and Peasants,2004,2004,,,,,2015-05-04T12:08:54Z,2017-06-15T16:04:01Z,9651,
UKR,ess,1051,,,Democratic Party of Ukraine,2004,2004,,,,,2015-05-04T12:08:40Z,2017-06-15T16:04:32Z,9309,2222
UKR,ess,1843,,,For One Ukraine!,2004,2004,,,,,2015-05-04T12:09:08Z,2017-06-15T16:04:37Z,9967,2224
UKR,ess,1545,ZUBR,,"For Ukraine, Byel",2004,2004,,,,,2015-05-04T12:09:03Z,2017-06-15T16:04:02Z,9853,
UKR,ess,1844,,,Juliya Tymoshenko election,2004,2004,,,,,2015-05-04T12:08:40Z,2017-06-15T16:04:10Z,9314,2228
UKR,ess,1339,,,Liberal Party of Ukraine (renew),2004,2004,,,,,2015-05-04T12:08:56Z,2017-06-15T16:04:06Z,9697,
UKR,ess,1046,,,Nataliya Vitrenko Bloc,2004,2004,,,,,2015-05-04T12:09:07Z,2017-06-15T16:04:03Z,9936,
UKR,ess,1174,NOT,,Oppositional bloc 'NOT THIS WAY',2006,2006,,,,,2015-05-04T12:08:58Z,2017-06-15T16:04:25Z,9748,
UKR,ess,1108,,,Other,2004,2012,,,,,2015-05-04T12:08:53Z,2017-06-15T16:04:02Z,9601,2959
UKR,ess,1361,,,Party 'New Generation of Ukraine',2004,2004,,,,,2015-05-04T12:08:56Z,2017-06-15T16:04:30Z,9686,
UKR,ess,1656,,,Party of All-Ukrainian union of the left 'Justice',2004,2004,,,,,2015-05-04T12:08:50Z,2017-06-15T16:04:43Z,9543,
UKR,ess,1264,,,Party of Regions/Party of regions,2006,2012,,,,,2015-05-04T12:08:49Z,2017-06-15T16:04:08Z,9530,2234
UKR,ess,1095,,,Party of Rehabilitation of Invalids of Ukraine,2004,2004,,,,,2015-05-04T12:08:53Z,2017-06-15T16:04:09Z,9611,
UKR,ess,1283,PUNCH,,Party 'PUNCH' of Vitaly Klychko,2010,2010,,,,,2015-05-04T12:08:56Z,2017-06-15T16:04:32Z,9704,
UKR,ess,1380,,,Party 'Veche',2006,2006,,,,,2015-05-04T12:08:55Z,2017-06-15T16:04:33Z,9674,
UKR,ess,1638,,,Peasant Party of Ukraine,2004,2004,,,,,2015-05-04T12:08:51Z,2017-06-15T16:04:43Z,9572,2205
UKR,ess,1463,,,People's Movement of Ukrarine,2004,2004,,,,,2015-05-04T12:08:53Z,2017-06-15T16:04:09Z,9608,2207
UKR,ess,1829,,,People's Party of Depositors and of Social Protection,2004,2004,,,,,2015-05-04T12:09:10Z,2017-06-15T16:04:44Z,10002,
UKR,ess,1645,,,Political Party 'All-Ukrainian Union of Christians',2004,2004,,,,,2015-05-04T12:09:04Z,2017-06-15T16:03:53Z,9879,
UKR,ess,1064,,,Political Party 'Apple',2004,2004,,,,,2015-05-04T12:08:45Z,2017-06-15T16:04:43Z,9441,
UKR,ess,1710,,,Political party 'Civil position' (A.Grytsenko),2010,2010,,,,,2015-05-04T12:08:46Z,2017-06-15T16:03:50Z,9466,
UKR,ess,1442,,,Political party 'Front of changes' (A.Yatsenuk),2010,2010,,,,,2015-05-04T12:08:46Z,2017-06-15T16:04:37Z,9467,
UKR,ess,1377,,,Political pary 'Power Ukraine' (S.Tygypko),2010,2010,,,,,2015-05-04T12:09:01Z,2017-06-15T16:04:14Z,9809,
UKR,ess,1028,,,Progressive socialist party of Ukraine,2008,2010,,,,,2015-05-04T12:08:56Z,2017-06-15T16:04:12Z,9685,2208
UKR,ess,1389,,,Ruses bloc,2004,2004,,,,,2015-05-04T12:08:58Z,2017-06-15T16:04:34Z,9753,
UKR,ess,1253,,,Social-democratic Party of Ukraine,2004,2004,,,,,2015-05-04T12:09:01Z,2017-06-15T16:04:38Z,9822,
UKR,ess,1314,,,Social-Democratic Party of Ukraine (united),2004,2004,,,,,2015-05-04T12:08:48Z,2017-06-15T16:04:35Z,9500,2210
UKR,ess,1667,,,Socialist Party of Ukraine/Socialist party of Ukraine,2004,2010,,,,,2015-05-04T12:09:00Z,2017-06-15T16:04:04Z,9794,2211
UKR,ess,1789,,,Team of Winter Generation,2004,2004,,,,,2015-05-04T12:09:04Z,2017-06-15T16:04:00Z,9885,
UKR,ess,1587,,,The Green Party of Ukraine,2004,2004,,,,,2015-05-04T12:09:06Z,2017-06-15T16:04:43Z,9917,
UKR,ess,1484,UDAR,,UDAR (Ukrainian Democratic Alliance for Reform) of Vitali Klitschko,2012,2012,,,,,2015-05-04T12:08:48Z,2017-06-15T16:04:40Z,9503,
UKR,ess,1608,,,Ukrainian National Assembly,2004,2004,,,,,2015-05-04T12:08:41Z,2017-06-15T16:04:03Z,9318,2213
UKR,ess,1255,,,Ukrainian party and All U,2004,2004,,,,,2015-05-04T12:09:03Z,2017-06-15T16:03:59Z,9845,
UKR,ess,1120,,,Ukrainian Political Party 'Christian Movement',2004,2004,,,,,2015-05-04T12:08:55Z,2017-06-15T16:04:45Z,9683,
UKR,ess,1679,,,Ukrainian Sea Party,2004,2004,,,,,2015-05-04T12:08:39Z,2017-06-15T16:04:34Z,9273,
UKR,ess,1071,,,Unity,2004,2004,,,,,2015-05-04T12:09:03Z,2017-06-15T16:04:44Z,9844,
UKR,ess,1112,,,Victor Yushchenko Bloc,2004,2004,,,,,2015-05-04T12:09:00Z,2017-06-15T16:03:50Z,9787,
UKR,ess,1837,,,Woman for the Future' All-Ukrainian Political Union,2004,2004,,,,,2015-05-04T12:08:55Z,2017-06-15T16:04:42Z,9667,
GBR,ess,1538,,British National Party,British National Party,2006,2006,,,,,2015-05-04T12:08:42Z,2017-06-15T16:04:20Z,9359,855
GBR,ess,2052,,Conservative,Conservative,2002,2012,,,,,2015-05-19T13:22:48Z,2017-06-15T16:04:29Z,10045,1567
GBR,ess,1274,,Green Party,Green Party,2002,2012,,,,,2015-05-04T12:08:49Z,2017-06-15T16:03:59Z,9520,1794
GBR,ess,1295,,Independent,Independent,2006,2006,,,,,2015-05-04T12:08:59Z,2017-06-15T16:04:07Z,9761,2964
GBR,ess,1367,,Labour,Labour,2002,2012,,,,,2015-05-04T12:08:49Z,2017-06-15T16:04:06Z,9522,1516
GBR,ess,1234,,Liberal Democrat,Liberal Democrat,2002,2012,,,,,2015-05-04T12:08:45Z,2017-06-15T16:04:01Z,9451,1388
GBR,ess,1813,,Northern Ireland Unionist Party,Northern Ireland Unionist Party,2006,2006,,,,,2015-05-04T12:08:48Z,2017-06-15T16:04:23Z,9501,2966
GBR,ess,1653,,Other,Other,2002,2012,,,,,2015-05-04T12:08:45Z,2017-06-15T16:04:08Z,9446,1841
GBR,ess,1227,,Plaid Cymru,Plaid Cymru,2002,2012,,,,,2015-05-04T12:08:48Z,2017-06-15T16:04:44Z,9509,1002
GBR,ess,1970,,Progressive Unionist Party,Progressive Unionist Party,2006,2006,,,,,2015-05-19T13:22:49Z,2017-06-15T16:04:03Z,10053,2966
GBR,ess,1198,,Scottish National Party,Scottish National Party,2002,2012,,,,,2015-05-04T12:08:42Z,2017-06-15T16:04:44Z,9348,986
GBR,ess,1968,,Social Democratic and Labour Party,Social Democratic and Labour Party,2006,2006,,,,,2015-05-19T13:22:55Z,2017-06-15T16:04:32Z,10108,762
GBR,ess,1481,,Uk Independence Party,Uk Independence Party,2006,2006,,,,,2015-05-04T12:08:59Z,2017-06-15T16:04:46Z,9777,601
GBR,ess,1210,,United Unionist Assembly Party,United Unionist Assembly Party,2006,2006,,,,,2015-05-04T12:08:49Z,2017-06-15T16:04:44Z,9515,1366
