"country","name_short","name_english","year_first","year_last","share_year","share","party_id","comment","polity_note"
"ALB","PS","Socialist Party",2005,2005,2005,23.49,80001,,
"ALB","PD","Democratic Party",2005,2005,2005,31.84,80002,,
"ALB","LSI","Socialist Movement for Integration",2005,2005,2005,7.26,80003,,
"ALB","PR","Republican Party",2005,2005,2005,14.89,80004,,
"ALB","PSD","Social Democratic Party",2005,2005,2005,6.9,80005,,
"ALB","PDK","Christian Democratic Party",2005,2005,2005,1.45,80010,,
"ALB","PAD","Democratic Alliance Party",2005,2005,2005,3.03,80011,,
"ALB","PDR","New Democratic Party",2005,2005,2005,1.69,80030,,
"ALB","PAA","Agrarian Party",2005,2005,2005,3.51,80031,,
"ALB","LZhK","Movement of Leka Zogu I",2005,2005,2005,2.54,80032,,
"ALB","PBDNj","Human Rights Union Party",2005,2005,2005,3.39,80033,,
"ARG","FPV","Front for the Victory",2015,2015,2015,53.83,320001,,
"ARG","Cam","Let's Change",2015,2015,2015,35.83,320002,,"Let's Change (Cam) is an electoral coalition founded in 2015 and composed of Republican Proposal (PRO), Radical Civic Union (UCR) and Civic Coalition (CC-ARI)."
"ARG","UNA","United for a New Alternative",2015,2015,2015,5.82,320003,,"United for a New Alternative (UNA) is an electoral coalition founded in 2015. The Popular Union (UP) is a member of this coalition."
"ARG","FIT","Workers' Left Front",2015,2015,2015,2.95,320004,,
"ARG","Pro","Progressives",2015,2015,2015,1.39,320005,,
"ARG","PRO","Republican Proposal",2015,2015,,,320007,,
"ARG","UCR","Radical Civic Union",2015,2015,,,320008,,
"ARG","PJ, Peronismo","Justicialist Party",2015,2015,,,320009,,
"AUS","LP","Liberal Party",1996,2013,,,360001,,
"AUS","NPA","National Party of Australia",1996,2013,,,360002,,"National Party of Australia (NPA) was listed as ""National (Country) Party (NCA)"" in the CSES MODULE 1 Codebook, which is an old name for the party. The current name was adopted in 1982 1982."
"AUS","ALP","Australian Labor Party",1996,2013,,,360003,,
"AUS","AD","Australian Democrats",1996,2004,,,360004,,
"AUS","AG","Australian Greens",1996,2013,,,360005,,
"AUS","ONP","One Nation Party",2004,2004,,,360008,,
"AUS","FFP","Family First Party",2004,2004,,,360011,,
"AUS","PUP","Palmer United Party",2013,2013,,,360013,,
"AUT","SPO","Social Democratic Party of Austria",2008,2013,2008,35.95,400001,,
"AUT","OVP","Austrian People's Party",2008,2013,2008,33.67,400002,,
"AUT","FPO","Freedom Party of Austria",2008,2013,2008,13.88,400003,,
"AUT","BZO","Alliance for the Future of Austria",2008,2013,2008,6.71,400004,,
"AUT","GRUENE","The Greens - The Green Alternative",2008,2013,2013,17.42,400005,,
"AUT","LiF","Liberal Forum",2008,2008,2008,1.02,400007,,
"AUT","NEOS","The New Austria",2013,2013,2013,6.91,400010,,
"AUT","PIRATEN","Pirate Party",2013,2013,,,400011,,
"AUT","TEAM STRONACH","Team Stronach",2013,2013,2013,2.79,400012,,
"BEL","N-VA","New Flemish Alliance",2003,2003,2003,2.42,560001,,
"BEL","Francophone-SP","Socialist Party (Francophone)",1999,2003,2003,13.97,560002,,
"BEL","CD&V","Christian Democratic & Flemish",1999,2003,1999,13.49,560003,,"Christian Democratic & Flemish (CD&V) was formerly known as ""Flemish Christian Peoples Party (CVP)."" The party adopted its current name in 2001."
"BEL","VLD","Flemish Liberals and Democrats",1999,2003,2003,13.21,560004,,
"BEL","SP.A","Socialist Party Differently",1999,2003,2003,26.89,560005,,"Socialist Party Differently (SP.A) adopted its current party name prior to the 2003 Belgian Federal election. The previous name of the party was ""Flemish Socialist Party (SP)""."
"BEL","CDH","Humanist Democratic Centre",2003,2003,2003,7.08,560010,,
"BEL","VB","Flemish Block",1999,2003,2003,6.08,560012,,
"BEL","ECOLO","Confederated Ecologists",1999,2003,1999,10.82,560013,,
"BEL","VU","People's Union",1999,1999,1999,4.46,560015,,
"BEL","PRL-FDF","Liberal Reformist Party - Francophone Democratic Front",1999,1999,1999,11.89,560016,,"Liberal Reformist Party - Francophone Democratic Front (PRL - FDF) refers to an electoral alliance between the PRL and the FDF, founded in 1993. Joined by the Citizens Movement for Change (MCC) in 1998 and by the Party for Freedom and Progress (PFF), the alliance turned into the Reformist Movement (MR), which has been assigned the IMD party code 0560026."
"BEL","AGALEV","Live Differently - Flemish-speaking Ecologists",1999,2003,1999,7.62,560018,,
"BEL","CSP","Christian Social Party",1999,1999,1999,6.88,560021,,
"BEL","MR","Reformist Movement",2003,2003,2003,11.07,560026,,
"BRA","PT","Workers Party",2002,2014,2014,13.79,760001,,
"BRA","PSDB","Brazilian Social Democratic Party",2002,2014,2014,10.62,760002,,
"BRA","PMDB","Party of the Brazilian Democratic Movement",2002,2014,2010,11.6,760003,,
"BRA","PP","Progressive Party",2002,2014,2014,5.92,760004,,
"BRA","PSB","Brazilian Socialist Party",2002,2014,2010,5.96,760005,,
"BRA","PSD","Social Democratic Party",2002,2014,2014,4.09,760006,,
"BRA","PR","Republic Party",2006,2014,2010,7.11,760007,,"Republic Party (PR) was founded on December 21, 2006 and was a merge between the Liberal Party (PL) and the Party of Reconstruction of the National Order (PRONA)."
"BRA","PRB","Brazilian Republican Party",2006,2014,2014,6.84,760008,,
"BRA","DEM","Democrats",2002,2014,2006,50.89,760009,,"Democrats (DEM) were known as the ""Party of the Liberal Front (PFL)"" until 2007."
"BRA","PTB","Brazilian Labor Party",2002,2014,2010,4.28,760010,,
"BRA","PDT","Labor Democratic Party",2002,2014,2010,2.72,760011,,
"BRA","SD","Solidarity",2014,2014,2014,1.43,760012,,
"BRA","PSC","Social Christian Party",2002,2014,2014,2.25,760016,,
"BRA","PV","Green Party",2002,2014,2014,2.66,760017,,
"BRA","PPS","Popular Socialist Party",2002,2014,2010,3.76,760018,,
"BRA","PROS","Republican Party of the Social Order",2014,2014,2014,1.74,760019,,
"BRA","PC do B","Communist Party of Brazil",2002,2014,2010,2.51,760020,,
"BRA","PSOL","Socialism and Freedom Party",2010,2014,2014,1.23,760021,,
"BRA","PHS","Humanist Party of Solidarity",2006,2014,2014,1.02,760022,,
"BRA","PTC","Christian Labor Party",2006,2014,2006,1.53,760029,,"Christian Labor Party (PTC) was founded as the Youth Party (PJ) in 1985, but changed its name to ""National Reconstruction Party (PRN)"" in 1989 (MODULE 2). It changed its name again to ""Christian Labor Party (PTC)"" in 2000."
"BRA","PL","Liberal Party",2002,2006,2002,2.9,760046,,
"BRA","PPB","Brazilian Progressive Party",2002,2002,,,760048,,
"BRA","PRONA","National Order Reconstruction Party",2002,2006,2002,2.97,760049,,
"BGR","GERB","Citizens for European Development of Bulgaria",2014,2014,2014,34.91,1000001,,
"BGR","BSP","Bulgarian Socialist Party",2001,2001,,,1000002,,
"BGR","DPS","Movement for Rights and Freedoms",2001,2014,2014,10.44,1000003,,
"BGR","RB","Reformist Bloc",2014,2014,2014,9.79,1000004,,
"BGR","NFSB and IMRO","Patriotic Front",2014,2014,2014,4.57,1000005,,
"BGR","BBZ","Bulgaria without Censorship",2014,2014,2014,3.92,1000006,,
"BGR","Ataka","Attack",2014,2014,2014,4.08,1000007,,
"BGR","ABV","Alternative for Bulgarian Revival",2014,2014,2014,4.57,1000008,,
"BGR","NDS","National Movement for Stability and Progress",2001,2014,2001,55.37,1000019,,
"BGR","KzB | DL","BSP Left Bulgaria - Coalition for Bulgaria",2014,2014,2014,24.47,1000020,,
"BGR","VMRO","Inner Macedonian Revolutionary Organization",2001,2001,,,1000025,,
"BGR",,"Coalition: Georgievden, Inner Macedonian Revolutionary Organization",2001,2001,2001,4.96,1000030,,
"BGR","UDF","United Democratic Forces",2001,2001,2001,16.05,1000034,,
"BGR","DG","Movement 'Georgievden'",2001,2001,,,1000036,,
"BGR","CB - KzB","Coalition For Bulgaria",2001,2001,2001,14.79,1000200,,
"BLR",,"Communist Party of Belarus",2001,2008,,,1120001,,
"BLR","LDP","Liberal Democratic Party",2001,2008,,,1120002,,
"BLR",,"Republican Party of Labor and Justice",2001,2001,,,1120003,,"Republican Party of Labor and Justice was listed as ""Belarussian Party of Labor"" in the CSES MODULE 1 Codebook. As this party was assigned the PARTY C code, meaning that it refers to the third strongest party from the 2000 legislative elections, i.e. the Republican Party of Labor and Justice."
"BLR",,"Agrarian Party",2001,2008,,,1120004,,
"BLR",,"United Civil Party",2001,2008,,,1120005,,
"BLR",,"The Party of Communists Belorusskaya",2008,2008,,,1120008,,"The Party of Communists Belorusskaya current name is ""Belarusian Left Party 'A Just World'."""
"BLR","Assembly","Belarusian Social-Democratic",2001,2008,,,1120009,,
"BLR",,"Belarusian Socialist Sporting Party",2001,2001,,,1120016,,
"BLR","BPF","Christian Conservative Party",2001,2008,,,1120017,,
"BLR",,"Belarusian Social-Democratic Party (People's Assembly)",2001,2001,,,1120019,"People's Assembly-BSDPH",
"BLR",,"The BNF Party",2008,2008,,,1120027,,
"CAN","LIB","Liberal Party",1997,2015,,,1240001,,
"CAN","CP","Conservative Party",2004,2015,,,1240002,,
"CAN","NDP","New Democratic Party",1997,2015,,,1240003,,
"CAN","BQ","Bloc Quebecois",1997,2015,,,1240004,,"Bloc Quebecois (BQ) only contests elections in the province of Quebec."
"CAN","GP","Green Party",2004,2015,,,1240005,,
"CAN","PC","Progressive Conservative",1997,1997,,,1240006,,
"CAN","RPC","Reform Party",1997,1997,,,1240007,,
"CHL","PDC","Christian Democratic Party",2005,2009,2009,20.46,1520001,,
"CHL","UDI","Independent Democratic Union",2005,2009,2009,18.31,1520002,,
"CHL","RN","National Renewal",2005,2009,2009,28,1520003,,
"CHL","PS","Socialist Party",2005,2009,2005,20.02,1520004,,
"CHL","PPD","Party for Democracy",2005,2009,2005,17.89,1520005,,
"CHL","PCCh","Communist Party of Chile",2005,2009,2005,4.03,1520006,,
"CHL","PRSD","Radical Social-Democratic Party",2005,2009,2005,1.42,1520007,,
"CHL","MEO","Electoral list of Marco Enriquez-Ominamo",2009,2009,2009,1.23,1520012,,
"CHL","CPD","Concertation of Parties for Democracy",2005,2009,2009,4,1520013,,"Concertation of Parties for Democracy (CPD) was an electoral coalition in Chile which was founded in 1988 and replaced in 2013 by the new electoral coalition ""New Majority."" Among its members were the Christian Democratic Party (PDC), the Socialist Party (PS), the Party for Democracy (PPD), and the Radical Social-Democratic Party (PRSD)."
"CHL","PH","Humanist Party",2005,2009,2005,1.3,1520014,,
"CHL",,"Together We Can",2005,2005,2005,1.54,1520015,,"Together We Can was an electoral coalition founded in 2003 which consisted of the Communist Party of Chile (PCCh), the Humanist Party (PH), the Christian Left Party of Chile and further smaller left-wing parties."
"CHL","UCCP","Progressive Center-Center Union",1999,1999,,,1520021,,
"TWN","DPP","Democratic Progressive Party",2012,2012,2012,29.79,1580001,,
"TWN","KMT","Kuomintang of China",2012,2012,2012,47.89,1580002,,"Kuomintang of China (KMT) is also known as the Chinese Nationalist Party. The CSES MODULE 1 Codebook lists it as ""Nationalist Party""."
"TWN","PFP","People First Party",2012,2012,2012,6.13,1580003,,"People First Party (PFP) is also known as ""Quinmindang"" (QMD)."
"TWN","NP","New Party",2012,2012,2012,2.04,1580004,,"New Party (NP) adopted its current name prior to the Taiwan 2004 election. Previously, it was known as ""Chinese New Party""."
"TWN","GPT","Green Party",2012,2012,2012,2.11,1580005,,
"TWN","TSU","Taiwan Solidarity Union",2012,2012,2012,9.93,1580006,,
"TWN","NHSA","Free National Health Insurance Alliance",2012,2012,2012,1.06,1580015,,
"HRV","HDZ","Croatian Democratic Union",2007,2007,2007,38.43,1910001,,
"HRV","SDP","Social Democratic Party of Croatia",2007,2007,2007,32.75,1910002,,
"HRV","HNS","Croatian People's Party - Liberal Democrats",2007,2007,2007,6.77,1910003,,
"HRV","HSU","Croatian Party of Pensioners",2007,2007,2007,5.55,1910006,,
"HRV","HSS","Croatian Peasant Party",2007,2007,,,1910007,,
"HRV","HSLS","Croatian Social Liberal Party",2007,2007,,,1910008,,
"HRV","HDSSB","Croatian Democratic Alliance of Slavonia and Baranja",2007,2007,2007,1.62,1910009,,
"HRV","HSP","Croatian Party of Rights",2007,2007,2007,3.79,1910010,,
"HRV","IDS","Istrian Democratic Assembly",2007,2007,2007,1.76,1910011,,
"HRV","HSS and HSLS","Coalition of the Croatian Peasant Party and the Croatian Social Liberal Party",2007,2007,2007,8.53,1910019,,
"CZE","CSSD","Czech Social Democratic Party",1996,2013,2002,31.03,2030001,,
"CZE","ODS","Civic Democratic Party",1996,2013,1996,35.44,2030002,,
"CZE","KDU-CSL","Christian Democratic Union - Czech People's Party",1996,2013,1996,7.69,2030003,,
"CZE","KSCM","Communist Party of Bohemia and Moravia",1996,2013,2002,19.94,2030004,,
"CZE","SZ","Green Party",2002,2013,2006,9.84,2030005,,
"CZE","ANO 2011","Action of Dissatisfied Citizens",2013,2013,2013,24.9,2030006,,
"CZE","TOP 09","TOP 09",2010,2013,2010,18.13,2030010,,
"CZE","ODA","Civic Democratic Alliance",1996,2002,1996,9.74,2030011,,
"CZE","Pirati","Czech Pirate Party",2010,2013,2013,3.54,2030012,,
"CZE","Usvit","Dawn of Direct Democracy of Tomio Okamura",2013,2013,2013,4.43,2030013,,
"CZE","VV","Public Affairs",2010,2010,2010,12.73,2030014,,
"CZE","SPR-RSC","Association for the Republic - Czech Republican Party",1996,1996,1996,6.72,2030018,,
"CZE","RMS","Miroslav Sladek's Republicans",2002,2002,2002,1.13,2030027,,
"CZE","SNK","Association of Independents",2002,2002,2002,1.93,2030029,,
"CZE","SZR","The Block of Jana Bobosikova and Party of Common Sense",2006,2010,2010,2.62,2030030,,"The Block of Jana Bobosikova and Party of Common Sense (SZR - Sovereignty) was formerly known as the ""Common Sense Party (SZR)."" This party changed names multiple times prior to the 2010 election."
"CZE","SPO","Party of Citizen Rights-Zemanites",2010,2013,2010,2.79,2030031,,
"CZE","SD-LSNS","Free Democrats - Liberal Social National Party",1996,1996,1996,2.34,2030072,,
"CZE","SNK ED","SNK European Democrats",2006,2006,2006,1.6,2030074,,"SNK European Democrats (SNK ED) was founded after a merger of Association of Independents (SNK) and the European Democrats in 2006."
"CZE",,"Coalition KDU-CSL and US-DEU",2002,2002,2002,18.33,2030087,,
"DNK","Sd","Social Democrats",1998,2007,1998,31.44,2080001,,
"DNK","V","Liberal Party",1998,2007,2001,34.38,2080002,,
"DNK","FrP","Progress Party",1998,2001,1998,2.18,2080003,,
"DNK","SF","Socialist People's Party",1998,2007,2007,17.37,2080004,,
"DNK","En - O","United List - Red-Greens",1998,2007,2007,3.28,2080005,,
"DNK","RV","Danish Social Liberal Party",1998,2007,2001,5.53,2080006,,
"DNK","KF","Conservative People's Party",1998,2007,1998,10.63,2080007,,
"DNK","KD","Christian Democrats",1998,2007,1998,2.23,2080008,,"Christian Democrats (KD) were known as ""Christian People's Party"" until 2003."
"DNK",,"New Alliance",2007,2007,2007,3.28,2080009,,
"DNK","DF","Danish People's Party",1998,2007,2001,10.86,2080010,,
"DNK","CD","Centre Democrats",1998,2001,1998,4.41,2080011,,
"EST","ER e","Estonian Reform Party",2011,2011,2011,23.1,2330001,,
"EST","EK","Estonian Centre Party",2011,2011,2011,24.23,2330002,,
"EST","SDE","Social Democratic Party",2011,2011,2011,22.96,2330003,,
"EST","IRL","Pro Patria and Res Publica Union",2011,2011,2011,21.97,2330004,,
"EST","EER","Estonian Greens",2011,2011,2011,4.08,2330005,,
"EST","ER a","Estonian People's Union",2011,2011,2011,2.39,2330016,,"Estonian People's Union (ER a) merged with the Estonian Patriotic Movement in 2012 to form the Conservative People's Party."
"FIN","KESK","Center Party",2003,2015,2015,23.58,2460001,,
"FIN","SDP","Social Democratic Party of Finland",2003,2015,2003,27.04,2460002,,
"FIN","KOK","National Coalition Party",2003,2015,2007,18.78,2460003,,
"FIN","PS","True Finns",2003,2015,2011,18.02,2460004,,"True Finns (PS) changed their official abbreviation from ""Ps"" to ""PS"" after the 2011 election."
"FIN","VIHR","Green League",2003,2015,2007,9.9,2460005,,
"FIN","VAS","Left Alliance",2003,2015,2003,9.45,2460006,,
"FIN","KD","Christian Democrats",2003,2015,2003,7.56,2460007,,
"FIN","RKP - SFP","Swedish People's Party in Finland",2003,2015,2007,10.51,2460008,,
"FIN","PP","Pirate Party of Finland",2011,2015,2015,1.61,2460016,,
"FRA","UMP","Union for a Popular Movement",2007,2012,,,2500001,,"Union for a Popular Movement (UMP) was founded in 2002 as a merger of Rally for the Republic (RPR), Liberal Democracy (DL), and parts of the Union for French Democracy (UDF), the Radical Party, and the Popular Party for French Democracy."
"FRA","PS","Socialist Party",2002,2012,,,2500002,,
"FRA","MoDem","Democratic Movement",2002,2012,,,2500003,,"Democratic Movement (MoDem) was formerly known as ""Union for French Democracy"" (UDF). The UDF was dissolved in 2007. As all assets and leadership transferred into MoDem, both parties were assigned the same IMD party code."
"FRA","PCF","French Communist Party",2002,2007,,,2500004,,
"FRA","EELV","Europe Ecology - The Greens",2002,2012,,,2500005,,"Europe Ecology - The Greens (EELV) were known as ""Greens (V)"" until 2010."
"FRA","FDG","Left Front",2012,2012,,,2500006,,
"FRA","FN","National Front",2002,2012,,,2500007,,
"FRA","RPR","Rally For The Republic",2002,2002,,,2500008,,
"FRA","LO","Workers' Struggle",2002,2002,,,2500009,,
"FRA","MDC","Republican And Civic Movement",2002,2002,,,2500012,,
"FRA","LD","Liberal Democracy",2002,2002,,,2500013,,
"FRA","LCR","Revolutionary Communist League",2007,2007,,,2500014,,
"DEU","Union","Christian Democratic Union / Christian Social Union",1998,2013,2013,39.41,2760001,,
"DEU","CDU","Christian Democratic Party",1998,2013,,,2760002,,
"DEU","CSU","Christian Social Union in Bavaria",1998,2013,,,2760003,,
"DEU","SPD","Social Democratic Party",1998,2013,1998,43.9,2760004,,
"DEU","B90/GRUENE","Alliance 90/Greens",1998,2013,2002,12.01,2760005,,
"DEU","FDP","Free Democratic Party",1998,2013,2009,14.3,2760006,,
"DEU","DIE LINKE","Left Party",1998,2013,2009,14.83,2760007,,"Left Party (DIE LINKE) was known as ""Party for Democratic Socialism"" (PDS) until 2005, when it changed its name to ""The Left / PDS."" In 2007, the party merged with Labor and Social Justice - The Electoral Alternative (WASG) and adopted its current name."
"DEU","NPD","National Democratic Party Of Germany",2002,2013,2005,1.11,2760009,,
"DEU","AfD","Alternative for Germany",2013,2013,2013,4.29,2760010,,
"DEU","PIRATEN","Pirates Party",2009,2013,2013,1.09,2760014,,
"DEU","DVU","German People's Union",1998,1998,1998,1.1,2760017,,
"GRC","PASOK","Pan-Hellenic Socialist Movement",2009,2015,2009,49.79,3000001,,
"GRC","ND","New Democracy",2009,2015,2009,31.69,3000002,,
"GRC","SYRIZA","Coalition of the Radical Left",2009,2015,2015,46.46,3000003,,
"GRC","KKE","Communist Party of Greece",2009,2015,2009,7.27,3000004,,
"GRC","Oik. Pras // OP","Ecologists - Greens",2009,2009,2009,2.74,3000005,,
"GRC","LS - XA","Golden Dawn",2012,2015,2012,5.55,3000006,,
"GRC","ANEL","The Independent Greeks",2012,2015,2012,7.74,3000007,,
"GRC","DIMAR","Democratic Left",2012,2012,2012,12.85,3000012,,
"GRC",,"The River",2015,2015,2015,15.26,3000013,,
"GRC","La.O.S","Popular Orthodox Rally",2009,2009,2009,3.29,3000019,,
"HKG","DAB","Democratic Alliance for Betterment of Hong Kong",1998,2012,2000,25.51,3440001,,
"HKG","CPP","Civic Party",2012,2012,2012,17.42,3440002,,
"HKG","DP","Democratic Party",1998,2012,1998,46.53,3440003,,
"HKG","PP","People Power",2012,2012,2012,10.57,3440004,,
"HKG","HKFTU","Hong Kong Federation of Trade Unions",2012,2012,2012,6.85,3440005,,
"HKG","LAB","Labor Party",2012,2012,2012,6.46,3440006,,
"HKG","LSD","League of Social Democrats",2012,2012,2012,5.68,3440007,,
"HKG","NPP","New People's Party",2012,2012,2012,3.91,3440008,,
"HKG","LP","Liberal Party",1998,2012,1998,2.78,3440009,,
"HKG","NWSC","Neighborhood & Workers Service Centre",1998,2012,2000,3.81,3440013,,
"HKG","KWND","Kowloon West New Dynamic",2012,2012,2012,1.17,3440014,,
"HKG","ADPL","Hong Kong Association for Democracy and People's Livelihood",1998,2012,2000,6.74,3440015,,
"HKG",,"Neo Democrats",2012,2012,2012,2.74,3440016,,
"HKG",,"Frontier",1998,2000,1998,15.1,3440019,,
"HKG",,"Citizen's Party",1998,2000,1998,3.3,3440032,,
"HKG","CTU","Hong Kong Confederation of Trade Unions",2000,2000,2000,4.11,3440033,,
"HKG",,"New Territories West - New Territories Alliance",2000,2000,2000,6.74,3440037,,
"HUN","MSZP","Hungarian Socialist Party",1998,2002,2002,45.96,3480001,,
"HUN","Fidesz - MPP","Fidesz-Hungarian Civic Party Alliance Party",1998,1998,1998,29.99,3480002,,
"HUN","MIEP","Hungarian Justice and Life Party",1998,2002,1998,3.28,3480004,,
"HUN","MMP","Hungarian Worker's Party",1998,2002,1998,3.57,3480006,,"Hungarian Worker's Party (MMP) was known as ""Workers' Party"" (MP) until 2005, when it changed the name to ""Hungarian Communist Workers' Party"" (MM). The MMP adopted its current name in May 2013."
"HUN","SZDSZ","Alliance of Free Democrats",1998,2002,1998,7.65,3480008,,
"HUN",,"MDF - FIDESZ - MPP Joint Candidate",2002,2002,2002,41.11,3480012,,
"HUN","FKgP","Independent Small Holders Party",1998,2002,1998,13.51,3480013,,
"HUN","KDNP","Christian Democratic People's Party",1998,1998,1998,2.48,3480032,,
"HUN",,"Alliance for Hungary - Center Party",2002,2002,2002,2.93,3480033,,
"HUN","MDF","Hungarian Democratic Forum",1998,1998,1998,2.18,3490007,,
"ISL","Sj","Independence Party",1999,2013,1999,42.73,3520001,,
"ISL","Sam","Social Democratic Alliance",1999,2013,2003,32.12,3520002,,"Social Democratic Alliance (Sam) was an alliance of the Social Democratic Party, Peoples Alliance, Women's List, and National Awakening. The parties formally merged into one party after the 1999 election."
"ISL","F","Progressive Party",1999,2013,2013,23.58,3520003,,
"ISL","FF","Liberal Party",1999,2009,2003,8.07,3520004,,
"ISL","VG","Left-Green Movement",1999,2013,2009,21.86,3520005,,
"ISL","BF","Bright Future",2013,2013,2013,8.37,3520007,,
"ISL","Pi","Pirata",2013,2013,2013,5.75,3520008,,
"ISL","B","Civic Movement",2009,2009,2009,7.1,3520009,,
"ISL","HG","Right-Green People's Party",2013,2013,2013,1.27,3520012,,
"ISL","IL","Icelandic Movement",2007,2007,2007,2.62,3520013,,
"ISL","Dawn","Dawn -- Organization of justice, fairness and democracy",2013,2013,2013,2.28,3520014,,
"ISL","IDP","Iceland Democratic Party",2013,2013,2013,1.94,3520015,,
"ISL","FH","Households Party",2013,2013,2013,1.86,3520021,,
"IRL","FF","Fianna Fail",2002,2011,,,3720001,,
"IRL","FG","Fine Gael",2002,2011,,,3720002,,
"IRL","Lab","Labor",2002,2011,,,3720003,,
"IRL","SF","Sinn Fein",2002,2011,,,3720004,,
"IRL","GP","Greens",2002,2011,,,3720005,,
"IRL","PD","Progressive Democrats",2002,2007,,,3720006,,
"IRL","ULA","United Left Alliance",2011,2011,,,3720009,,
"ISR","L","Likud - The Consolidation",1996,2006,1996,25.79,3760001,,
"ISR","MHH","Israeli Labor Party",1996,2013,1996,28.42,3760002,,
"ISR","Shas","Sfarad's Keepers of the Torah",1996,2013,2013,8.33,3760003,,
"ISR","Meretz","Energy",1996,2013,2003,9.23,3760004,,
"ISR","HY","The Greens",2003,2013,2006,1.2,3760005,,
"ISR","YH","United Torah Judaism",1996,2013,1996,7.21,3760006,,"United Torah Judaism (YH) is an alliance between the Degel HaTorah (Banner of the Torah) and Agudat Israel (Union of Israel). It was founded in 1992."
"ISR","YA","There is a Future",2013,2013,2013,17.8,3760007,,
"ISR","HH","The Jewish Home",2013,2013,2013,9.75,3760008,,"The Jewish Home (HH) was an electoral alliance of the National Religious Party (Mafdal) and Resurrection (Tkuma) in the 2013 Israeli legislative election."
"ISR","Hat","The Movement",2013,2013,2013,4.94,3760009,,
"ISR","Ra'am","United Arab List",2003,2013,2013,2.97,3760010,,
"ISR",,"Likud - The Consolidation (L) - Yisrael Beiteinu",2013,2013,2013,25.42,3760011,"L) - Yisrael Beiteinu (L - YB","The Consolidation (Likud) - Yisrael Beiteinu (L - YB) competed as an electoral alliance in the 2013 election."
"ISR","Mafdal","National Religious Party",1996,2003,1996,7.76,3760014,,
"ISR","Shinui","Change",2003,2006,2003,15.06,3760015,,
"ISR","Kadima","Forward",2006,2013,2006,28.85,3760016,,
"ISR","H","The Democratic Front for Peace and Equality",2003,2013,2003,3.61,3760018,,
"ISR","Balad","National Democratic Assembly",2003,2013,2013,3.81,3760019,,
"ISR","YB","Israel is Our Home",2006,2006,2006,11.54,3760021,,
"ISR","OL","Strength to Israel",2013,2013,2013,1.69,3760023,,
"ISR","AIYa","Green Leaf",2003,2013,2003,1.7,3760025,,
"ISR","AE","One Nation",2003,2003,2003,1.17,3760041,,"One Nation (AE) merged with the Israeli Labor Party (MHH) on May 23, 2005."
"ISR","DS","The Third Way",1996,1996,1996,4.04,3760046,,
"ISR","Gil","Pensioners of Israel",2006,2006,2006,4.09,3760048,,
"ISR","HaLe","National Union",2003,2003,2003,6.15,3760049,,"National Union (HaLe) was an electoral alliance of Moledet, Hatikva, Eretz Yisrael Shelanu, and Tkuma for the 2003 election."
"ISR","HaLe - Mafdal","National Union - National Religious Party",2006,2006,2006,7.21,3760050,,"National Union - National Religious Party (HaLe - Mafdal) ran on a joint list in the 2006 legislative election."
"ISR","M","Homeland",1996,1996,1996,1.97,3760058,,
"ISR","Ra'am - Ta'al","United Arab List - Arab Movement for Renewal",2006,2006,2006,1.56,3760063,,"United Arab List - Arab Movement for Renewal (Ra'am - Ta'al) competed on a joint list in the 2006 election."
"ISR","YBA","Israel for Immigration",1996,2003,1996,6.23,3760067,,"Israel for Immigration (YBA) merged with The Consolidation (Likud) (L) in 2003."
"ISR",,"Hadash - Balad Block",1996,1996,1996,4.37,3760072,,
"ISR",,"Mada - Islamic Movement Block",1996,1996,1996,1.42,3760084,,
"ITA","Forza Italia-FI","Forward Italy (Forza Italia)",2006,2006,2006,20.81,3800002,,
"ITA","LN","Northern League/League",2006,2006,2006,3.13,3800003,,"Northern League/League (LN) rebranded its party name from ""Northern League"" to ""League"" for the 2018 Italian general election."
"ITA","FdV","Federation of the Greens",2006,2006,2006,2.82,3800005,,
"ITA","PdCI","Party of Italian Communists",2006,2006,2006,2.5,3800009,,"Party of Italian Communists (PdCI) was dissolved and re-founded as ""Communist Party of Italy"" (PCd'I) in December 2014. Together with splinters from the Communist Refoundation Party, the PCd'I then transformed into the ""Italian Communist Party"" (PCI) in June 2016."
"ITA","DS","Democrats of the Left",2006,2006,,,3800011,,"Democrats of the Left (DS) merged into the Democratic Party (PD) in 2007."
"ITA","UDC","Union of Christian and Centre Democrats",2006,2006,2006,6.26,3800012,,
"ITA","PRC","Communist Refoundation Party",2006,2006,2006,8.29,3800013,,
"ITA",,"Rose in the Fist",2006,2006,2006,3.29,3800014,,
"ITA","IdV","Italy of Values",2006,2006,2006,2.03,3800015,,"Italy of Values (IdV) merged with the Popular Civic List (CP) in 2017."
"ITA","DL","Daisy - Democracy is Freedom",2006,2006,,,3800021,,"Daisy - Democracy is Freedom (DL) joined the Democratic Party (PD) in 2007."
"ITA","AN","National Alliance",2006,2006,2006,14.87,3800022,,"National Alliance (AN) merged with Forward Italy (Forza Italia) (FI) into ""The People Freedom (Popolo della Liberta)"" (PdL), which turned into a revival-party of the FI in 2013."
"ITA","NPSI","Christian Democracy - New PSI",2006,2006,2006,1.1,3800026,,
"ITA","PP","Pensioners' Party",2006,2006,2006,1.41,3800036,,
"ITA","Ulivo","The Olive",2006,2006,2006,31.77,3800038,,
"JPN","LDP","Liberal Democratic Party",1996,1996,1996,41.03,3920001,,
"JPN","DPJ","Democratic Party of Japan",1996,1996,1996,16.13,3920002,,
"JPN","NK","New Komeito",2004,2013,,,3920003,,
"JPN","JCP","Japanese Communist Party",1996,1996,1996,9.07,3920004,,
"JPN",,"Green Wind",2013,2013,,,3920005,,
"JPN","SDP","Social Democratic Party",1996,1996,1996,6.85,3920006,,
"JPN","JReP","Japan Restoration Party",2013,2013,,,3920007,,
"JPN","YP","Your Party",2013,2013,,,3920010,,
"JPN","PLP","People's Life Party",2013,2013,,,3920011,,
"JPN","NFP","New Frontier Party",1996,1996,1996,26.21,3920012,,
"KEN","ODM","Orange Democratic Movement",2013,2013,,,4040002,,
"KEN","WDM - K","Wiper Democratic Movement",2013,2013,,,4040003,,
"KEN","FORD - KENYA","Forum for Restoration of Democracy",2013,2013,,,4040004,,
"KEN","KANU","Kenya African National Union",2013,2013,,,4040005,,
"KEN","NARC - K","National Rainbow Coalition",2013,2013,,,4040010,,
"KEN","TNA","The National Alliance",2013,2013,,,4040100,,
"KEN","URP","United Republican Party",2013,2013,,,4040101,,
"KEN","Forum-UDFP","United Democratic Front (Forum)",2013,2013,,,4040102,,
"KEN","APK","Alliance Party of Kenya",2013,2013,,,4040103,,
"KOR","NFP","New Frontier Party",2004,2012,2012,49.02,4100001,,"New Frontier Party (NFP) was formerly known as Grand National Party (GNP) until its name change in February 2012."
"KOR","LFP","Liberty Forward Party",2008,2012,2008,6.45,4100002,,
"KOR","NPP","New Progressive Party",2008,2008,2008,2.98,4100003,,
"KOR","DUP","Democratic United Party",2008,2012,2012,41.43,4100004,,
"KOR","UPP","Unified Progressive Party",2012,2012,2012,8.01,4100005,,"Unified Progressive Party (UPP) was founded in December 2011 as a merger of the Democratic Labor Party (DLP), the People's Participation Party and a faction of the New Progressive Party (NPP)."
"KOR",,"Democratic Liberal Party",2000,2000,,,4100006,,"Democratic Liberal Party was adopted from the CSES MODULE 1 Codebook, where it received the ALPHABETICAL party code E. It likely refers to the ""Democratic Labor Party"" (DLP) which finished fifth in the 2000 South Korean Legislative elections."
"KOR",,"Pro-Park Geun-hye Alliance",2008,2008,2008,11.07,4100007,,
"KOR","MDP","Millennium Democratic Party",2004,2004,2004,6.45,4100010,,
"KOR","ULD","United Liberal Democrats",2004,2004,2004,1.27,4100011,,
"KOR",,"Democratic People's Party",2000,2000,,,4100012,,
"KOR","DLP","Democratic Labor Party",2004,2008,2004,13.08,4100015,,
"KOR",,"Renewal of Korea Party",2008,2008,2008,7.77,4100017,,
"KOR",,"Our Party",2004,2004,2004,46.23,4100021,,
"KOR",,"Christian Party",2012,2012,,,4100022,,
"KOR","NKPH","New Korean Party of the Hope",2000,2000,,,4100023,,
"KGZ",,"Ar Namys",2005,2005,,,4170001,,
"KGZ",,"Communist Party of Masaliev",2005,2005,,,4170003,,
"KGZ",,"Socialist Party",2005,2005,,,4170004,,
"KGZ",,"Alga Kyrgyzstan",2005,2005,,,4170005,,
"KGZ",,"Asaba",2005,2005,,,4170006,"Republic National Party",
"KGZ",,"Free Kyrgyzstan",2005,2005,,,4170007,,
"KGZ",,"New Kyrgyzstan",2005,2005,,,4170008,,
"KGZ",,"Communist Party of Kyrgyzstan",2005,2005,,,4170012,,
"LVA","SC","Harmony Centre",2010,2014,2011,30.24,4280001,,"Harmony Centre (SC) is a party that represents the Russian minority in Latvia on a social-democratic platform. It started as a political coalition in 2005, which consisted of four main parties: the National Harmony Party, New Centre, the Social Democratic Party, and the Socialist Party. In 2010, the first three members merged into one political party. Although the Socialist Party did not formally join the party, it was part of an"
"LVA","V","Unity",2010,2014,2010,34.21,4280002,,
"LVA","LNNK","National Union All for Latvia For Fatherland and Freedom",2010,2014,2014,15.94,4280003,,"National Union All for Latvia For Fatherland and Freedom (LNNK) was founded in 2011 and is a merger of the Union ""For Fatherland and Freedom""/LNNK (TB/LNNK) and All for Latvia (PVL). Previously, the two member parties formed an electoral alliance for the 2010 Latvian parliamentary election."
"LVA","PLL","For a Good Latvia",2010,2010,2010,6.79,4280004,,"For a Good Latvia (PLL) was a right-wing alliance formed on April 22, 2010. It consisted of The People's Party (TP),  Latvia's First Party/Latvian Way (LPP/LC), the business movement For a Good Latvia, and a number of smaller parties. The alliance was dissolved in October 2011."
"LVA","ZZS","Union of Greens and Farmers",2010,2014,2010,21.61,4280005,,
"LVA","RP","Reform Party",2011,2011,2011,19.91,4280007,,"Reform Party (RP) was known as ""Zatlers' Reform Party"" until it changed names on April 21, 2014. In 2014, it competed within the same list as 4280002. Unity (V)."
"LVA","NsL","For Latvia from the Heart",2014,2014,2014,7.25,4280013,,
"LVA","LRa","Latvian Association of the Regions",2014,2014,2014,7.11,4280014,,
"LTU","TS - LK","Homeland Union-Conservatives",1997,1997,,,4400001,,
"LTU",,"Christian Democratic Party",1997,1997,,,4400002,,
"LTU","LSDP","Social Democratic Party",1997,1997,,,4400003,,
"LTU","LDDP","Democratic Labor Party",1997,1997,,,4400005,,
"LTU","LCS","Center Union",1997,1997,,,4400006,,
"LTU","JL","Nationalist Party - ""Young Lithuania""",1997,1997,,,4400007,,
"MEX","PRI","Institutional Revolutionary Party",1997,2015,,,4840001,,
"MEX","PAN","National Action Party",1997,2015,,,4840002,,
"MEX","PRD","Democratic Revolution Party",1997,2015,,,4840003,,
"MEX","PT","Labor Party",1997,2015,,,4840004,,
"MEX","PVEM","Ecological Green Party of Mexico",1997,2015,,,4840005,,
"MEX","PANAL or: PNA","New Alliance Party",2006,2015,,,4840006,,
"MEX","MC","Citizen's Movement",2003,2015,,,4840007,,"Citizen's Movement (MC) was formerly known as ""Convergence"". The party was reformed and renamed in July 2011."
"MEX","PSD","Social Democratic Party",2006,2009,,,4840008,,"Social Democratic Party (PSD) was formerly known as the ""Social Democratic and Peasant Party (PASC)"" until 2007. The party changed its name twice before deciding on ""Social Democratic Party (PSD)"" in 2008."
"MEX","MORENA","National Regeneration Movement",2015,2015,,,4840010,,
"MEX",,"Possible Mexico",2003,2003,,,4840011,,
"MEX","PES","Social Encounter Party",2015,2015,,,4840012,,
"MEX","PARM","Authentic Party of the Mexican Revolution",2000,2000,,,4840013,,
"MEX","PAS","Social Alliance Party",2003,2003,,,4840014,,
"MEX","PFCRN","Cardenista Party",1997,1997,,,4840016,,
"MEX",,"Alliance for Change",2000,2000,,,4840022,,
"MEX",,"Alliance for Mexico",2000,2000,,,4840023,,
"MEX","PLM","Mexican Liberal Party",2003,2003,,,4840026,,
"MNE","SNP","Socialist People's Party",2012,2012,2012,9.56,4990003,,
"MNE","PCG","Positive Montenegro",2012,2012,2012,9.09,4990006,,
"MNE","BS","Bosniak Party",2012,2012,2012,3.61,4990009,,
"MNE",,"Coalition ""For a European Montenegro""",2012,2012,2012,54.39,4990011,,
"MNE","DF","Democratic Front",2012,2012,2012,19.28,4990012,,"Democratic Front (DF) was an electoral coalition of the Movement for Changes (PzP) and New Serb Democracy (NSD) for the 2012 elections. They continued to operate as alliance in the following elections."
"NLD","CDA","Christian Democratic Appeal",1998,2010,2002,27.81,5280001,,
"NLD","PvdA","Labor Party",1998,2010,1998,29.45,5280002,,
"NLD","VVD","People's Party for Freedom and Democracy",1998,2010,1998,21.96,5280003,,
"NLD","D66","Democrats 66",1998,2010,1998,11.72,5280004,,
"NLD","GL","Green Left",1998,2010,2002,9.51,5280005,,"Green Left (GL) formed in 1989 as a merger of the Communist Party (CPN), the Pacifist Socialist Party (PSB), the Political Party of Radicals (PRP), and the Evangelical People's Party (EVP)."
"NLD","SP","Socialist Party",1998,2010,2006,17.53,5280006,,
"NLD","SGP","Reformed Political Party",1998,2010,2002,1.65,5280007,,
"NLD","CU","Christian Union",2002,2010,2006,4.32,5280008,,"Christian Union (CU) was founded as an alliance in January 2000, consisting out of the Reformed Political Alliance (GPV) and the Reformatory Political Federation (RPF). The alliance turned into a political party in 2001."
"NLD","PVV","Party for Freedom",2006,2010,2010,11.88,5280009,,
"NLD","PvdD","Party for the Animals",2006,2010,2006,1.52,5280013,,
"NLD","LPF","List Pim Fortuyn",2002,2006,2002,10.7,5280014,,
"NLD","GPV","Reformed Political Alliance",1998,1998,1998,1.29,5280026,,
"NLD","RPF","Reformatory Political Federation",1998,1998,1998,2.39,5280035,,
"NZL","NP","National Party",1996,2014,2011,49.1,5540001,,
"NZL","Lab","Labor Party",1996,2014,2002,45.61,5540002,,
"NZL","NZF","New Zealand First",1996,2014,1996,15.82,5540003,,
"NZL","ACT","Act New Zealand",1996,2014,1996,7.07,5540004,,
"NZL","GP","Green Party",2002,2014,2011,12.93,5540005,,
"NZL","UFNZ","United Future New Zealand",2002,2014,2002,7.28,5540006,,"United Future New Zealand (UFNZ) was founded in 2000 as a merger of United New Zealand (UNZ) and Future New Zealand (FNZ)."
"NZL","CP","Conservative Party",2011,2014,2014,3.83,5540007,,
"NZL","MP","Maori Party",2008,2014,2008,2.73,5540008,,
"NZL","ALL","Alliance",1996,2011,1996,10.46,5540009,,
"NZL","PP","Jim Anderton's Progressive Party",2002,2008,2002,1.15,5540012,,"Jim Anderton's Progressive Party (PP) is a splinter from the Alliance (ALL). It was founded in 2002."
"NZL","UNZ","United New Zealand",1996,1996,1996,1,5540015,,
"NZL",,"Christian Coalition",1996,1996,1996,4.39,5540037,,
"NOR","Ap","Labor Party",1997,2013,1997,35.62,5780001,,"Labor Party (Ap) changed its name from Norwegian Labor Party (DNA) to Labor Party (Ap) in 2011."
"NOR","H","Conservative Party",1997,2013,2013,28.63,5780002,,
"NOR","FrP","Progress Party",1997,2013,2009,19.27,5780003,,
"NOR","SV","Socialist Left Party",1997,2013,2001,14.84,5780004,,
"NOR","MDG","The Greens",2013,2013,2013,3.03,5780005,,
"NOR","Sp","Center Party",1997,2013,1997,7.8,5780006,,
"NOR","KrF","Christian People's Party",1997,2013,1997,15.42,5780007,,
"NOR","V","Liberal Party",1997,2013,2013,7.5,5780008,,
"NOR","R","Red Party",2009,2013,2009,1.36,5780009,,"Red Party (R) was founded in March 2007. It was the result of a merger between the Workers Communist Party (AKP) and the Red Electoral Alliance (RV). In the CSES MODULE 3 Codebook, the Red Party was still listed as Red Electoral Alliance for the 2009 Norwegian election."
"NOR","RV","Red Electoral Alliance",1997,2005,1997,2.62,5780010,,
"PER","FP","Popular Force",2011,2016,2016,42.21,6040001,,"Popular Force (FP) was known as Force 2011 until 2012. It succeeded the previous Fujimori supporting party, Alliance for the Future, and was founded in 2011."
"PER","PPK","Peruvians for Change",2016,2016,2016,24.34,6040002,,
"PER","Frente Amplio","Broad Front for Justice, Life and Liberty",2016,2016,2016,13.27,6040003,,
"PER","APP","Alliance for Progress",2016,2016,2016,3.63,6040004,,"Alliance for Progress (APP) is listed as ""AVANCEMOS/RENOVACION"" in the CSES MODULE 1 Codebook. In the Codebook of MODULE 4, the party is referred to as ""Alliance for Progress of Peru""."
"PER",,"People's Alliance",2016,2016,2016,6.99,6040005,,
"PER","AP","Popular Action",2001,2016,2016,7.43,6040006,,
"PER",,"Direct Democracy",2016,2016,2016,2.12,6040007,,
"PER",,"Possible Peru",2001,2011,2001,30.34,6040008,,
"PER",,"Hope Front",2016,2016,,,6040009,,
"PER","RN","National Restoration",2006,2006,2006,3.9,6040014,,
"PER",,"National Solidarity Alliance",2011,2011,2011,10.23,6040015,,
"PER","PDSP","We Are Peru",2000,2000,,,6040016,,
"PER","PP","Possible Peru",2006,2006,2006,3.1,6040017,,
"PER","UPP","Union for Peru",2001,2006,2006,23.9,6040019,,
"PER",,"New Majority (Peru 2000 Block)",2001,2001,2001,3.98,6040021,"Peru 2000 Block-NM",
"PER","FIM","Moralizing Independent Front",2001,2001,2001,13.41,6040023,,
"PER","FREPAP","Agrarian People's Front of Peru",2001,2001,2001,1.14,6040024,,
"PER","FDC","Center Front",2006,2006,2006,8.59,6040025,,
"PER","PAP","Peruvian Aprista Party",2001,2011,2006,28.09,6040026,,"Peruvian Aprista Party (PAP) is also known as the American Popular Revolutionary Alliance (APRA)."
"PER",,"Andean Renaissance",2001,2001,2001,1.48,6040027,,
"PER",,"All for Victory",2001,2001,2001,2.27,6040029,,
"PER",,"People's Solution",2001,2001,2001,1.59,6040030,,
"PER",,"Project Country",2001,2001,2001,1.02,6040033,,
"PER","PSN","National Solidarity Party",2000,2000,,,6040034,,
"PER","UPP","Peru Wins",2011,2011,2011,26.12,6040050,,
"PER","APGC","Alliance for the Great Change",2011,2011,2011,17.9,6040051,,
"PER","UN","National Unity",2001,2006,2006,20.22,6040052,,
"PER","AF","Alliance for the Future",2006,2006,2006,12.2,6040053,,
"PER",,"Peru 2000",2000,2000,,,6040054,,
"PHL","LP","Liberal Party",2016,2016,2016,5.27,6080001,,
"PHL","NUP","National Unity Party",2016,2016,,,6080003,,
"PHL","NP","Nationalist Party",2016,2016,2016,1.19,6080004,,
"PHL","UNA","United Nationalist Alliance",2016,2016,2016,3.4,6080005,,
"PHL","PDP-LABAN","Philippine Democratic Party",2016,2016,2016,2.89,6080006,,
"PHL","Aksyon","Democratic Action",2016,2016,,,6080008,,
"PHL","PRP","People's Reform Party",2016,2016,,,6080009,,
"PHL","ACT-Teachers","Alliance for Concerned Teachers",2016,2016,2016,3.91,6080023,,
"PHL","Adda","Association for Development Dedicated to Agriculture and Fisheries, Inc.",2016,2016,2016,2.55,6080025,,
"PHL","Agbiag!","Agbiag! Timpuyog Ilocano, Inc.",2016,2016,2016,3.57,6080027,,
"PHL","Akbayan","Akbayan Citizens' Action Party",2016,2016,2016,3.06,6080030,,
"PHL","AKB","Ako Bicol",2016,2016,2016,6.29,6080032,,
"PHL","1-Pacman","One Patriotic Coalition of Marginalized Nationals",2016,2016,2016,3.06,6080034,,
"PHL",,"An Waray",2016,2016,2016,4.76,6080035,,
"PHL",,"Anak Bayan",2016,2016,2016,1.02,6080036,,
"PHL","Anakpawis","Anakpawis",2016,2016,2016,2.04,6080038,,
"PHL","1-Ang Edukasyon","Una Ang Edukasyon",2016,2016,2016,1.19,6080039,,
"PHL","Angkla","Angkla: Ang Partido ng Pilipinong Marino, Inc.",2016,2016,2016,1.02,6080041,,
"PHL","Bh","Bagong Henerasyon",2016,2016,2016,2.21,6080045,,
"PHL",,"Bayan Muna",2016,2016,2016,1.87,6080046,,
"PHL","Abakada","Abakada-Gur",2016,2016,2016,1.02,6080047,,
"PHL","CIBAC","Citizen's Battle Against Corruption",2016,2016,2016,2.21,6080050,,
"PHL","COOP-NATCCO","Cooperative NATCCO Party",2016,2016,2016,2.21,6080052,,
"PHL","Diwa","Democratic Independent Workers Association, Inc.",2016,2016,2016,1.02,6080053,,
"PHL","GABRIELA","Gabriela Women's Party",2016,2016,2016,4.42,6080054,,
"PHL",,"Kabataan",2016,2016,2016,1.19,6080056,,
"PHL","Senior Citizens","Coalition of Associations of Senior Citizens of the Philippines",2016,2016,2016,4.42,6080061,,
"PHL","Mata","Ang Mata'y Alagaan",2016,2016,2016,1.19,6080068,,
"PHL","Pba","Pwersa ng Bayaning Atleta",2016,2016,2016,4.08,6080069,,
"PHL","AMIN","Anak Mindanao",2016,2016,2016,5.44,6080076,,
"PHL","Abang Lingkod","Abang Lingkod, Inc.",2016,2016,2016,2.38,6080080,,
"PHL","Aambis-Owa","Ang Asosasyon Sang Mangunguma Nga Bisaya Owa Mangunguma, Inc.",2016,2016,2016,1.87,6080083,,
"PHL","AD","Democratic Action",2004,2004,,,6080084,,
"PHL","AKP","Alliance for the Common Good",2010,2010,,,6080087,,"Alliance for the Common Good (AKP) is also known as ""Ang Kapatiran Party""."
"PHL","APP","Alliance Party For Progress",2016,2016,2016,1.53,6080093,,
"PHL","VNP","New Nation- Volunteers for a New Philippines",2010,2010,,,6080117,,
"PHL",,"Tingog Sinirangan",2016,2016,2016,1.7,6080119,,
"PHL","BP","Rise Up Philippines",2004,2010,,,6080143,,
"PHL","Independent","Jamby A.S. Madrigal",2010,2010,,,6080172,,
"PHL","Independent","Jesus N.P. Perlas",2010,2010,,,6080173,,
"POL","PO","Civic Platform",2001,2011,2007,51.69,6160001,,
"POL","PiS","Law and Justice",2001,2011,2005,35.25,6160002,,
"POL",,"Polish Peasants' (or People's) Party",1997,2011,2001,8.76,6160003,"or People's) Party (PSL",
"POL","AWSP","Solidarity Electoral Action",1997,2001,1997,38.24,6160004,,"Solidarity Electoral Action (AWSP) is also known as Coalition Electoral Action Solidarity of the Right (AWSP). It was known as AWS until 2001."
"POL","UP","Labor Union",1997,1997,1997,3.27,6160007,,
"POL","UW","Freedom Union",1997,2001,1997,14.08,6160008,,
"POL","SLD","Democratic Left Alliance",1997,2011,1997,25.43,6160009,,"Democratic Left Alliance (SLD) was not officially a party until 1999. In elections prior to 1999, the SLD ran as an alliance, consisting of Social Democracy of the Republic of Poland (SdRP), SDT and a number of small left parties."
"POL","ROP","Movement for Reconstruction of Poland",1997,1997,1997,5,6160010,,
"POL","LPR","League of Polish Families",2001,2007,2001,6.82,6160014,,
"POL","PJN","Poland Comes First",2011,2011,2011,1.34,6160016,,
"POL",,"Palikots Movement",2011,2011,2011,9.79,6160017,,
"POL","LiD","Left and Democrats",2007,2007,2007,8.49,6160020,,
"POL","SRP","Self-Defense of the Republic Poland",2001,2007,2001,11.41,6160024,,
"POL","KPEiR","National Party of Pensioners and Retired",1997,1997,1997,3,6160029,,
"POL","KPEiR-RP","National Agreement of Pensioners and Retired of the Republic Poland",1997,1997,1997,1,6160030,,
"POL","NCD - BdP","National Christian Democratic - Bloc for Poland",1997,1997,1997,1.09,6160044,,
"POL","PD","Democratic Party",2005,2005,2005,1.44,6160051,,
"POL","SDPL","Social Democracy of Poland",2005,2005,2005,3.39,6160068,,
"POL","SLD-UP","Coalition Of The Alliance Of The Democratic Left - The Union of Labor",2001,2001,2001,43.58,6160070,,
"POL","UPR","Union of the Republic's Rightists",1997,1997,1997,1.18,6160071,,
"POL",,"Platforma Janusza Korwin-Mikke",2005,2005,2005,1.1,6160101,,"Platforma Janusza Korwin-Mikke was renamed into ""Liberty and Lawfulness"" (WiP) after the 2005 elections. It was dissolved in 2011. Together with members from the Union of the Republic's Rightists (UPR), former WiP members joined the Congress of the New Right (KNP)."
"PRT","PSD","Social Democratic Party",2002,2009,2002,40.69,6200001,,
"PRT","PS","Socialist Party",2002,2015,2005,49.52,6200002,,
"PRT","CDS-PP","Popular Party",2002,2009,2009,7.27,6200003,,
"PRT","CDU","Unitarian Democratic Coalition",2002,2015,2015,11.79,6200004,,"Unitarian Democratic Coalition (CDU) is an electoral coalition founded in 1987 between Communist Party (PCP) and the Ecologist Party ""The Greens"" (PEV). It also includes the political movement Democratic Intervention (ID)."
"PRT","PEV","Ecologist Party ""The Greens""",2005,2005,,,6200005,,
"PRT","BE","Left Block",2002,2015,2015,10.69,6200006,,
"PRT","PCTP/MRPP","Portugese Communist Worker's Party",2009,2015,2015,1.11,6200007,,
"PRT","PCP","Portugese Communist Party",2005,2005,,,6200008,,
"PRT","PSD - CDS-PP","Portugal Ahead",2015,2015,2015,39.68,6200011,,
"PRT","PDR","Democratic Republican Party",2015,2015,,,6200020,,
"PRT","PAN","Party for People, Animals and Nature",2015,2015,,,6200028,,
"ROU","PSD","Romanian Party of Social Democracy",1996,1996,1996,26.18,6420001,,"Romanian Party of Social Democracy (PSD) was known as Party of Social Democracy in Romania (PDSR) since 1993. After merging with the Romania Social Democratic Party (PSDR) in June 2001, the party adopted its present name of PSD."
"ROU","PP-DD","People's Party - Dan Diaconescu",2012,2014,,,6420002,,
"ROU","UDMR","Democratic Union of Hungarians in Romania",1996,2004,2004,6.29,6420003,,
"ROU","PRM","Greater Romania Party",1996,2004,2004,6.45,6420004,,
"ROU","PNT-CD","National Peasant and Christian Democratic Party",1996,2004,2004,1.43,6420007,,
"ROU","PNGCD","New Generation Party - Christian Democratic",2009,2009,,,6420009,,"New Generation Party - Christian Democratic (PNGCD) was known as New Generation Party (PNG) until April 2006."
"ROU","USL","Social Liberal Union",2012,2012,,,6420011,,
"ROU","PD","Democratic Party",1996,1996,1996,2.58,6420019,,
"ROU","P-DL","Democratic Liberal Party",2009,2012,,,6420020,,
"ROU","CDR","Romanian Democratic Convention",1996,1996,1996,43.48,6420022,,
"ROU","PNG","New Generation Party",2004,2004,,,6420023,,
"ROU","PUR","Romanian Humanist Party",2004,2004,,,6420024,,
"ROU","DA","Justice and Truth Alliance",2004,2004,2004,48.33,6420026,,
"ROU",,"Social Democratic Union",1996,1996,1996,9.33,6420027,,
"ROU","PUNR","Romanian Party for National Unity",1996,1996,,,6420028,,
"ROU","PDAR","Romanian Agrarian Democratic Party",1996,1996,1996,1.69,6420040,,
"ROU","PSD - PUR","National Alliance PSD+PUR",2004,2004,2004,37.5,6420041,,
"ROU","PSDR","Romanian Social Democratic Party",1996,1996,1996,2.81,6420052,,"Romanian Social Democratic Party (PSDR) merged with the Party of Social Democracy in Romania (PDSR) into the Romanian Party of Social Democracy (PSD) in June, 2001."
"ROU","PSD - UNPR - PC","PSD-UNPR-PC Electoral Alliance",2014,2014,,,6420101,,
"ROU","ACL","Christian-Liberal Alliance",2014,2014,,,6420102,,
"ROU","PMP","Popular Movement Party",2014,2014,,,6420103,,
"ROU","PSD - PC","Social Democratic Party - Conservative Party",2009,2009,,,6420111,,
"ROU","ARD","Alliance for a Just Romania",2012,2012,,,6420200,,
"ROU","Independent","Monica-Luisa Macovei",2014,2014,,,6420301,,
"ROU",,"Sorin Oprescu (Independent)6430001.  United Russia",2009,2009,,,6420302,"Independent)6430001.  United Russia (ER",
"RUS","ER","United Russia",2004,2004,,,6430001,,
"RUS","KPRF","Communist Party of the Russian Federation",1999,1999,1999,31.86,6430002,,
"RUS","LDPR","Liberal Democratic Party of Russia",2004,2004,,,6430003,,
"RUS","RDPY","Yabloko",1999,1999,1999,7.33,6430004,,
"RUS","RPP","Pensioners Party",1999,1999,1999,2.47,6430005,,
"RUS","RNPS","Homeland People's Patriotic Union",2004,2004,,,6430006,,"Homeland People's Patriotic Union (RNPS) is also known as Rodina."
"RUS","OBP","Fatherland All Russia",1999,1999,1999,12.41,6430008,,
"RUS","ZhR","Women of Russia",1999,1999,1999,2.54,6430021,,
"RUS",,"Zhirinovsky Bloc",1999,1999,1999,3.92,6430033,,
"RUS","PVR","Rebirth of Russia Party",2004,2004,,,6430042,,
"RUS","SPS","Union of Right Forces",1999,1999,1999,9.36,6430043,,
"RUS",,"Unity Inter-Regional movement",1999,1999,1999,25.11,6430051,,
"SRB","SNS","Serbian Progressive Party",2012,2012,2012,52.13,6880001,,
"SRB","DS","Democratic Party",2012,2012,2012,22.58,6880002,,
"SRB","SRS","Serbian Radical Party",2012,2012,2012,1.57,6880003,,
"SRB","SPS","Socialist Party of Serbia",2012,2012,2012,12.7,6880004,,
"SRB","DSS","Democratic Party of Serbia",2012,2012,2012,3.93,6880005,,
"SRB","LDP","Liberal Democratic Party",2012,2012,2012,2.47,6880006,,
"SRB","URS","United Regions of Serbia",2012,2012,2012,2.58,6880007,,
"SRB","SPD","Dveri for life of Serbia",2012,2012,2012,1.24,6880009,,
"SVK","Smer","Direction - Social Democracy",2010,2016,2010,44.05,7030001,,
"SVK","SaS","Freedom and Solidarity",2010,2016,2016,11.46,7030002,,
"SVK","SDKU - DS","Slovak Democratic and Christian Union - Democratic Party",2010,2016,2010,16.93,7030003,,
"SVK","KDH","Christian Democratic Movement",2010,2016,2010,10.41,7030004,,
"SVK","SNS","Slovak National Party",2010,2016,2016,10.91,7030006,,
"SVK","MH","Bridge",2010,2016,2010,9.61,7030008,,
"SVK","OLaNO","Ordinary people - Independents solidarities",2016,2016,2016,7.5,7030009,,
"SVK","LS - HZDS","People's Party - Movement For a Democratic Slovakia",2010,2010,2010,1.83,7030010,,
"SVK","LsNS","Kotleba - People's Party Our Slovakia",2010,2016,2016,5.05,7030012,,"Kotleba - People's Party Our Slovakia (LsNS) was known as ""People's Party - Our Slovakia"" until November 2015."
"SVK","S","Network",2016,2016,2016,3.82,7030013,,
"SVK","SR","We are family",2016,2016,2016,3.14,7030014,,
"SVK","SMK","Party Of The Hungarian Coalition",2010,2010,2010,2.75,7030015,,
"SVK","SDL","Party Of The Democratic Left",2010,2010,2010,1.26,7030016,,
"SVK","SMK - MKP","Hungarian Coalition",2016,2016,2016,3.14,7030034,,
"SVK","SPOK!","Slovak Citizens Coalition",2016,2016,2016,1.09,7030042,,
"SVN","SDS","Social Democratic Party",1996,2011,2004,32.36,7050001,,
"SVN","SD","Social Democrats",1996,2011,2008,58.82,7050002,,"Social Democrats (SD) were known as United List of Social Democrats (ZLSD) until 2005. In CSES MODULE 3, two  separate NUMERICAL codes were assigned to both party names (i.e. one for the SD and another one for the ZLSD). These codes were harmonized for the CSES IMD."
"SVN","DeSUS","Democratic Party of Pensioners",2004,2011,2011,4.79,7050003,,
"SVN","LDS","Liberal Democracy of Slovenia",1996,2011,1996,32.04,7050004,,
"SVN","SLS","Slovenian People's Party",1996,2011,1996,21.7,7050006,,"Slovenian People's Party (SLS) briefly changed its party acronym to (SLS+SKD) from 2000 to 2001 to denote the merger with the Christian Democrats, which took place in April 2000."
"SVN","NSi","New Slovenia - Christian People's Party",2004,2011,2004,5.65,7050007,,"New Slovenia - Christian People's Party (NSi) is a splinter from the Slovenian People's Party (SLS) and was founded in August 2000, shortly after the Christian Democrats (SKD) joined the SLS."
"SVN","SNS","Slovenian National Party",1996,2011,2004,5.82,7050008,,
"SVN","DIGV","Gregor Virant's Civic List",2011,2011,2011,5.1,7050009,,
"SVN","DSS","Democratic Party",1996,1996,1996,5.38,7050013,,
"SVN","LZJ-PS","Zoran Jankovic List - Positive Slovenia",2011,2011,2011,25.81,7050016,,
"SVN","SKD","Christian Democrats",1996,1996,1996,7.15,7050017,,"Christian Democrats (SKD) merged into the Slovenian People's Party (SLS) in April 2000."
"SVN","SLS - SMS","Slovenian People's Party - Youth Party of Slovenia",2008,2008,2008,3.25,7050019,,
"SVN","ZARES","For Real-New Politics",2008,2011,2008,6.63,7050020,,"For Real-New Politics (ZARES) was founded as a splinter from the Liberal Democracy of Slovenia (LDS) party in 2007. Shortly after, Active Slovenia (AS) merged with ZARES."
"ZAF","ANC","African National Congress",2009,2014,2014,66.54,7100001,,
"ZAF","DA","Democratic Alliance",2009,2014,2014,23.44,7100002,,
"ZAF","EFF","Economic Freedom Fighters",2014,2014,2014,5.62,7100003,,
"ZAF","IFP","Inkatha Freedom Party",2009,2014,2009,1.79,7100004,,
"ZAF","NFP","National Freedom Party",2014,2014,,,7100005,,
"ZAF","VF Plus","Freedom Front Plus",2009,2014,2009,1.37,7100007,,
"ZAF","COPE","Congress of the People",2009,2014,2009,4.84,7100008,,
"ESP","PSOE","Spanish Socialist Workers' Party",1996,2008,2008,53.8,7240001,,
"ESP","PP","People's Party",1996,2008,2000,51.8,7240002,,
"ESP","CiU","Convergence and Union",1996,2008,2000,5.7,7240003,,
"ESP","IU","United Left",1996,2008,1996,11.88,7240004,,
"ESP","PNV","Basque Nationalist Party",1996,2008,2004,2.48,7240005,,"Basque Nationalist Party (PNV) is also known as ""Euzko Alderdi Jeltzalea"" (EAJ), its Basque name."
"ESP","BNG","Galician Nationalist Bloc",1996,2004,2000,1.61,7240008,,
"ESP","ERC","Republican Left of Catalonia",1996,2008,2008,3.06,7240009,,
"ESP","CC","Canary Coalition",2000,2004,2004,1.18,7240013,,
"ESP","CC - PNC","Canarian Coalition - Canarian Nationalist Party",2008,2008,,,7240014,,"Canarian Coalition - Canarian Nationalist Party (CC - PNC) formed an electoral alliance for the Spanish 2008 election."
"ESP","LVE","The Ecologists",1996,2004,2004,1.08,7240017,,"The Ecologists (LVE) were formerly known as ""Los Verdes Ecologistas"" (The Ecologist Greens). The party changed names in 1991."
"ESP","PA","Andalusian Party",1996,2004,2000,1.36,7240050,,
"SWE","SAP","Sweden's Social Democratic Worker's Party",1998,2014,1998,39.21,7520001,,
"SWE","M","Moderate Party",1998,2014,2006,27.05,7520002,,
"SWE","FP","Liberal People's Party",1998,2014,2002,18.14,7520003,,
"SWE","KD","Christian Democrats",1998,2014,1998,11.72,7520004,,
"SWE","MP","Green Party",1998,2014,2014,8.97,7520005,,
"SWE","C","Centre Party",1998,2014,2014,7.56,7520006,,
"SWE","V","Left Party",1998,2014,1998,11.51,7520007,,
"SWE","SD","Sweden Democrats",2006,2014,2014,9.1,7520008,,
"SWE","Fi","Feminist Party",2014,2014,2014,3.46,7520009,,
"CHE","SVP / UDC","Swiss People's Party",1999,2011,2007,28.51,7560001,,
"CHE","SP / PS","Social Democratic Party",1999,2011,2003,31.41,7560002,,
"CHE","CVP / PDC","Christian Democratic People's Party",1999,2011,2007,17.61,7560003,,
"CHE","FDP / PLR","The Liberals",2011,2011,2011,17.76,7560004,,"The Liberals (FDP / PLR) were founded in January 2009. It is a merger of the Radical Democratic Party (FDP/PLR) and the Liberal Party (LPS/PLS)."
"CHE","GPS / PES","Green Party",1999,2011,2007,9.99,7560005,,
"CHE","EVP / PEP","Evangelical People's Party",1999,2011,2003,2.41,7560006,,
"CHE","PdA / PST","Swiss Party of Labor",1999,2011,1999,1.03,7560007,,
"CHE","Lega","Ticino League",1999,2011,2011,1.26,7560008,,
"CHE","EDU / UDF","Federal Democratic Union",1999,2011,2003,1.15,7560009,,
"CHE","LPS / PLS","Liberal Party",1999,2007,1999,2.05,7560014,,
"CHE","FGA","Feminist and Green Alternative Groups",1999,2007,2003,1.57,7560015,,
"CHE","GLP / PVL","Green Liberal Party",2011,2011,2011,5.59,7560021,,"Green Liberal Party (GLP / PVL) is a splinter from the Green Party (GPS/PES) that was formed on the national level in 2007. On the regional level, the party was established in the Canton of Zurich in 2004."
"CHE","FDP / PLR","Radical Democratic Party",1999,2007,1999,21.58,7560024,,"Radical Democratic Party (FDP / PLR) was listed as ""Free Thinking Party"" in the CSES MODULE 1 Codebook. It is one predecessor party of The Liberals (FDP / PLR)."
"CHE","BDP / PBD","Conservative Democratic Party",2011,2011,2011,4.72,7560025,,"Conservative Democratic Party (BDP / PBD) is a splinter party that was formed by former members of the Swiss People's Party (SVP/UDC) in 2008."
"THA","PPT","For Thais Party",2011,2011,2011,60.31,7640001,,
"THA","DP","Democrat Party",2007,2011,2011,34,7640002,,
"THA","BJT","Thai Pride Party",2011,2011,2011,1.77,7640003,,
"THA",,"Love Thailand Party",2011,2011,2011,1.46,7640004,,
"THA","CP","Thai Nation Development Party",2011,2011,2011,1.31,7640005,,
"THA",,"Motherland Party",2007,2011,2007,1.22,7640008,"Phak Matunhum Party",
"THA","PPP","People's Power Party",2007,2007,2007,62.19,7640014,,
"THA","CTP","Thai Nation Party",2007,2007,2007,3.53,7640021,,
"THA","TRT","Thai Rak Thai Party",2001,2001,,,7640022,,
"THA",,"New Aspiration Party",2001,2001,,,7640023,,
"THA",,"Referendum Party",2007,2007,,,7640025,,
"THA",,"National Development Party",2001,2001,,,7640026,,
"THA",,"Justice and Freedom Party",2001,2001,,,7640027,,
"THA",,"Thais United National Development Party",2007,2007,2007,1.09,7640060,,"Thais United National Development Party was founded in 2007 after the merger between the Thai United and the National Development Party."
"TUR","AKP","Justice and Development Party",2011,2015,2011,62.37,7920001,,
"TUR","CHP","Republican People's Party",2011,2015,2015,27.49,7920002,,
"TUR","MHP","Nationalist Action Party",2011,2015,2015,14.85,7920003,,
"TUR","HDP","Peoples' Democratic Party",2015,2015,2015,11.81,7920004,,"Peoples' Democratic Party (HDP) was founded in 2012 and established by the People's Democratic Congress (HDK), a union of several left-wing political groups that jointly fielded independent candidates in the 2011 Turkish elections."
"TUR","VP","Patriotic Party",2015,2015,,,7920006,,
"TUR","DSP","Democratic Left Party",2011,2011,,,7920012,,
"TUR","DP","Democratic Party",2011,2011,,,7920013,,
"TUR","BDP","Peace and Democratic Party",2011,2011,2011,6.24,7920016,,"Peace and Democratic Party (BDP) joined the Peoples' Democratic Party (HDP) in 2014 on the national level, and was closely related to the HDP before. The BDP remained active only at the local and regional level."
"UKR",,"Communist Party of Ukraine",1998,1998,1998,34.18,8040010,,
"UKR",,"People's Ruks of Ukraine",1998,1998,1998,8.48,8040011,,
"UKR",,"Socialist Party of Ukraine",1998,1998,,,8040012,,
"UKR",,"Peasants Party of Ukraine",1998,1998,,,8040013,,
"UKR",,"Party of Greens of Ukraine",1998,1998,1998,7.72,8040014,,
"UKR",,"People's-Democratic Party",1998,1998,1998,4.18,8040015,,
"UKR",,"All-Ukraine Association ""Gromada""",1998,1998,1998,6.96,8040016,,
"UKR",,"Progressive Socialist Party",1998,1998,1998,4.81,8040017,,
"UKR",,"Social-Democratic Party",1998,1998,,,8040018,,
"UKR",,"Agrarian Party of Ukraine",1998,1998,1998,2.53,8040019,,
"UKR",,"""Reforms and Order""",1998,1998,1998,3.92,8040020,,
"UKR",,"Christian-Democratic Party",1998,1998,1998,1.01,8040030,,
"UKR",,"""Region Revival of Ukraine""",1998,1998,1998,1.27,8040036,,
"UKR",,"Social-Democratic Party",1998,1998,1998,4.43,8040041,,
"UKR",,"Social-National Party",1998,1998,1998,2.66,8040045,,
"UKR",,"Electoral Block of Socialist Party of Ukraine",1998,1998,1998,5.06,8040050,,
"UKR",,"Electoral block of Parties ""National Front""",1998,1998,1998,3.67,8040052,,
"UKR",,"Electoral Block ""Labor Ukraine""",1998,1998,1998,2.78,8040053,,
"UKR",,"Electoral Block ""Go On, Ukraine""",1998,1998,1998,1.14,8040054,,
"UKR",,"Electoral Block ""Democratic Parties NEP""",1998,1998,1998,1.01,8040055,,
"UKR",,"Electoral Block ""SLON - Social-Liberal Association""",1998,1998,1998,1.01,8040056,,
"GBR","Con","Conservatives",1997,2015,,,8260001,,
"GBR","Lab","Labor",1997,2015,,,8260002,,
"GBR","LD","Liberal Democrats",1997,2015,,,8260003,,
"GBR","SNP","Scottish National Party",1997,2015,,,8260004,,"Scottish National Party (SNP) only contests elections in Scotland."
"GBR","GP","Green Party",2015,2015,,,8260005,,
"GBR","PC","Plaid Cymru",1997,2015,,,8260006,,"Plaid Cymru (PC) only contests elections in Wales."
"GBR","UKIP","United Kingdom Independence Party",2015,2015,,,8260007,,
"USA","GOP","Republican Party",1996,2012,,,8400001,,
"USA","DEM","Democratic Party",1996,2012,,,8400002,,
"USA","LIB","Libertarian Party",2012,2012,,,8400003,,
"USA","REF","Reform Party",1996,2004,,,8400004,,
"USA",,"Green Party",2012,2012,,,8400005,,
"USA","Con","Constitution Party",2012,2012,,,8400006,,
"URY","FA","Broad Front",2009,2009,2009,57.46,8580001,,
"URY","PN","National Party",2009,2009,2009,26.26,8580002,,
"URY",,"Colorado Party",2009,2009,2009,13.47,8580003,,
"URY","PI","Independent Party",2009,2009,2009,1.91,8580004,,
